Position,Score,Move
2k5/pp1b4/2p5/3p4/1P2p3/1B6/3r4/1K6 w - - 0 47,#-27,b1c1
8/7p/6p1/2k5/p1ppp3/1p6/5P1P/2K5 b - - 1 54,#-7,c4c3
3r1r1b/Qp5R/2pkpq2/3pNn2/2b2P2/2N5/PPPP3P/2K1R2B w - - 1 22,#+3,e5c4
8/7R/p6R/kpp5/8/1P6/PKP4P/4r3 b - - 2 41,#+35,c5c4
5rk1/R1p5/6pp/1p3p1P/2rbp1P1/8/1K6/3b3B w - - 1 37,#-22,b2b1
4k2b/1p1ppr1p/2q3p1/2P5/1PQ2P2/4B1P1/3r3P/4R1K1 b - - 2 30,#-1,c6g2
7k/7p/p5pP/1p1BpqB1/1P1bN3/1Kn5/P1Q5/8 w - - 7 46,#+12,g5f6
1r4k1/5p1p/p4nP1/7q/b1pNp3/2P1P1K1/P5P1/2Q2R2 b - - 2 24,#-33,h5g6
2kr3r/pp2b3/1n5p/2p1p2P/3n2p1/P1Nb2P1/1PqN1PB1/2BRK1QR b KQ - 1 19,#-26,c2c3
5kr1/3R1q2/2Q3p1/4Pp1p/3P1P1P/6P1/4N3/6K1 w - - 1 37,#+4,c6d6
1r1r4/6k1/5pp1/p1p5/1pP1p2p/1P2N1q1/PQ1Pn3/1R1K4 w - - 0 37,#-42,b2f6
2n1b1kq/pp1r3p/2p3p1/8/1BP1p3/1N4P1/Pb2Q2P/1BN2RK1 w - - 0 16,#+17,f1f8
5k2/6bp/2p3p1/p1P1ppK1/8/5PP1/7P/5q2 b - - 1 29,#-2,f1f3
2krq1bn/pp4pp/2p5/5p2/8/2N1bnP1/PPP4P/RBK2QB1 w Q - 0 14,#-1,g1e3
8/3r3k/3p2pp/Q2Pp3/4P1R1/3r1N2/4nPPK/5q2 b - - 1 43,#-11,d3d1
3r4/pkr3R1/1p2Bp1p/2pPpQ2/2P5/1P6/PK5P/2B5 b - - 0 35,#+22,c7g7
3k2Q1/1qrn4/pp1R2p1/2p1Pb2/P1B5/1P3P2/6P1/2KR4 b - - 6 41,#+2,d8e7
8/8/6pk/6p1/1P6/7P/P3QPPK/8 w - - 0 38,#+13,e2g4
2r3k1/5pp1/2p2q2/P2p1r1p/BB1Pp1n1/P3P1Pb/4P2P/2R1Q1KR b - - 9 25,#-3,f5f2
8/2p2p2/4k2p/1p2np1P/3p4/2r5/4K3/8 b - - 1 40,#-15,c3c5
8/6pp/3k4/1p1P2P1/p3P3/4Kn2/8/8 b - - 2 38,#-32,a4a3
1qrbb1kr/pppppp2/5n2/6p1/3P4/1BP2K2/PP2P3/NQR1B1NR w - - 0 12,#+3,b1g6
5r2/1p2k1p1/2P1p2p/1P1pK3/r4PP1/8/2R4P/4R3 b - - 2 31,#-5,f8f4
8/p1p3pp/6n1/1pk5/3q4/1Pn3P1/2P1R2P/6K1 w - - 10 40,#-13,g1g2
1r4k1/p3p3/2pp1pp1/7p/4P3/1rq3P1/Q2R2P1/K4R2 w - - 0 24,#-17,d2b2
8/8/1k1p3R/3P4/5PN1/7K/7P/8 w - - 1 46,#+15,h6d6
6k1/p3q1pp/5p2/1p3P2/2p1r3/7P/PP3QP1/4rR1K w - - 1 31,#-33,h1g1
8/8/3PR3/pp6/1P1k3P/8/KP6/8 b - - 0 63,#+29,d4d5
3r3k/p7/1p1pQ2p/3Pp2P/P1Pp4/1P1P2q1/8/6KR w K - 0 31,#-5,g1f1
1r1k2r1/p3R1B1/1ppP3n/5p2/1PP2pp1/3Q4/P5P1/6K1 b - - 3 29,#+16,b8c8
r5k1/5p1p/6p1/1p3p2/1P6/PKRN4/3q4/8 b - - 4 33,#-18,a8a3
1k6/pbp3b1/1p4p1/3p4/1P1P4/K1P4p/8/8 w - - 0 42,#-16,a3b2
3rr1k1/pp4pp/6n1/2P1np2/1PN5/2P2P2/P2B3q/RB1K1R2 w - - 5 20,#-21,d1c2
6k1/8/6p1/p2pPp2/2pP1P2/5K2/8/8 b - - 0 49,#-21,a5a4
8/2k1P3/2pn4/3B2B1/3b4/6P1/r6r/2RK1R2 w - - 0 34,#+46,c1c6
4r1k1/pp3ppp/2p5/b2q4/5P1n/1PK3P1/P1P2N1P/1R2R3 w - - 10 27,#-7,b3b4
4qR2/pb4Q1/1p6/3pk3/8/4p1Pp/PP5P/6K1 b - - 3 31,#+14,e5d6
1k3qr1/1rp2p1p/QB1p4/5Pbp/3P2P1/8/PP5P/1K6 b - - 0 25,#-30,b7b6
1QQ1QQ2/8/8/3R4/8/1K2P3/7P/4k3 w - - 1 62,#+2,c8c1
8/R7/8/7P/5B2/K3P1P1/2k2r2/8 b - - 0 37,#+57,c2d3
r5r1/1k6/2b5/qpp1pP1p/3pP3/1P1Q4/2P4P/2KRR3 w - - 0 30,#-21,b3b4
8/p4p2/1p4p1/7k/PpP4P/8/2K5/8 b - - 5 38,#-34,a7a5
1r2kr2/p5b1/3P2R1/1ppBpR2/8/P2P4/1PP5/6K1 w - - 6 34,#+4,d5c6
8/pr6/8/1kpp1N2/8/1n2B1P1/1R1PPP2/5RK1 w - - 1 32,#+34,b2b3
6k1/p7/1p1p4/2PP1Q1p/1Pn3N1/6PK/PB2q3/8 w - - 1 47,#+1,g4h6
1b1r4/pR5p/2B3pk/8/2P3n1/1P4P1/6PK/8 w - - 1 26,#-4,h2h3
7Q/8/1p6/2k5/P7/2p5/7P/1R4K1 b - - 0 43,#+12,c3c2
5r2/P5R1/8/3p1kP1/5P2/3K4/2P5/8 w - - 3 50,#+45,g7f7
k1r4b/7p/1Q4p1/4qp2/1P1p4/6P1/P2PPP1P/B2R1RK1 w - - 1 21,#+21,d1c1
6k1/1p4pp/p3n3/8/2P5/KPB4q/P7/8 b - - 7 32,#-7,h3c3
5r2/3n1k2/p4ppQ/p2P3p/1rPR3P/2K5/2B3P1/7R b - - 0 26,#+27,b4b3
8/2pp1k1p/5ppr/8/p1PP4/4r3/2K5/1R6 w - - 0 34,#-28,b1d1
1k1r4/p5QR/1p3p2/2pb4/8/1P6/PKB4P/4q3 b - - 4 26,#+9,e1e5
r4rk1/2b1p1p1/1p6/pP3B1p/P1P2P2/4p3/4P3/3K3b b - - 0 30,#-13,f8f5
r6b/pppQ1kp1/2n2p2/1NB5/1P3PP1/2P5/P1K4P/R7 b - - 0 20,#+20,f7g8
1k6/1p6/5q2/5P1p/pN2K3/2P5/8/8 b - - 3 56,#-28,f6c3
8/4p1kp/2R1Pp2/2P2P2/5KpP/8/8/8 b - - 3 45,#+19,g4g3
4r1k1/1q5p/6p1/pp3p2/5Q1R/1P2PnPK/3r3P/8 w - - 0 36,#-9,f4f3
rb1k2r1/4pp2/2p1n2p/1p2PKp1/p2P3P/2P2P2/5B2/8 b q - 1 27,#-14,a4a3
8/p4p2/5k1p/5prP/8/7K/8/8 w - - 2 41,#-7,h3h2
8/8/8/1k6/3N2P1/5Q1P/P4P2/6K1 b - - 2 51,#+12,b5c4
8/7p/1p4P1/p1p1k3/2n5/8/P7/1K6 b - - 0 53,#-31,h7g6
8/7p/1k6/p2pn1p1/Pp3pP1/1P1qp2P/6K1/5Q2 b - - 3 51,#-7,f4f3
bk3r2/p5pp/Pp1q4/8/1PBn1B1n/6P1/Q4K1P/2R1R3 b - - 4 32,#-12,f8f4
1R6/6Bp/2R3pP/3k1p2/1P6/P2KP3/5PP1/8 w - - 7 34,#+2,b8b6
5rk1/p6p/1p2p1p1/3q1p2/8/1PPp2PK/P2R3P/B7 b - - 3 27,#-11,d5f3
8/5bk1/8/5pb1/4p1p1/6P1/2Rp1P2/r1BK1B2 b - - 1 51,#-3,a1c1
8/3k1p2/1p4p1/p2p2r1/3P1K2/8/8/8 b - - 1 42,#-17,g5f5
4rr2/pk3ppp/1p4n1/4P3/2P5/1P3N2/P3PQPP/2RR2K1 w - - 2 18,#+25,d1d7
5k2/3b3p/8/2pP4/1p1bP3/pP3P2/q1B1KR2/8 w - - 0 48,#-13,e2f1
3r2n1/1kp3qp/Np1p2p1/p2b4/8/1PP1n1PP/P2K4/4R3 w - - 0 27,#-26,a6c7
2kr4/Q7/1p3pP1/2p5/2bn2p1/1PN3P1/P2K2BP/B5q1 b - - 1 31,#-2,d4b3
6k1/8/5K2/5P1p/4P1bP/6P1/8/8 w - - 1 50,#+20,f6e7
8/4n2p/kp2b1p1/3pPp2/5P2/3K2P1/7P/8 b - - 1 34,#-34,e7c6
4Q1Q1/4k3/3p4/4pp1p/3B3K/4PqP1/P6P/8 b - - 1 33,#+1,e7f6
R7/3Q1ppp/3p1k2/1P1np3/B3P3/5PN1/6PP/5RK1 w - - 0 31,#+4,d7d6
4k3/3p4/2q1p1p1/p1P2p2/3P4/2Q1P1N1/P4PRP/2R2K2 w - - 0 22,#+28,d4d5
8/p2k4/1pQ1n1p1/4P3/1P4P1/8/P1P4P/2K3BB b - - 0 28,#+9,d7e7
7k/2bbn2p/1p2N2q/p1p2r2/P1Bpp1Q1/1P6/7P/2R2RK1 b - - 3 29,#-1,h6h2
4rrk1/p3q1p1/4Pp2/1p1p3R/n1pP3Q/2P3PB/PP5P/5RK1 b - - 0 29,#+30,e7e6
1r3r2/p1p1pp1Q/1p1p1kp1/6N1/4R3/1Pq3P1/P1P2P1P/2K4B w - - 4 18,#+3,e4f4
2k5/1p5p/2pp2p1/p4p2/2P1nP2/P5P1/4q2P/6K1 w - - 7 35,#-2,c4c5
1r6/8/5Pk1/pN1p2P1/P2Bp1BP/1PP3K1/8/8 w - - 9 49,#+12,b5d6
q5k1/p1pp1p2/1p4p1/5Pn1/3Qr2q/1P6/P1PPK1P1/1N2R3 w - - 0 21,#-20,e2d3
8/8/p4N2/P2P4/1PK2k2/5pp1/8/5Q2 w - - 2 61,#+12,d5d6
7R/7R/8/1pK5/p7/P1P3p1/2r4p/4Q1k1 b - - 1 73,#+6,g1g2
8/p6p/1pn5/2kP3R/8/1P2K3/P5PP/8 w - - 1 48,#+34,d5c6
8/pP4k1/2p5/K1Pp4/3P4/1r6/3n4/8 b - - 0 61,#-3,d2c4
n4Q2/k2q1p1p/1p2pBp1/p2P4/3P4/5BP1/P3PP1P/2R3K1 b - - 0 23,#+14,d7b7
1r6/4p1k1/3pPbP1/p1pP4/KpP3B1/6B1/r7/3R4 w - - 2 31,#-6,a4b3
6k1/p6p/1p3r2/2p5/8/1P2K1PB/P1P4P/2R1R1Q1 w - - 0 22,#+23,e3e4
b6b/p3kp2/1p6/4pP1P/2P5/3Np3/PKP4P/8 b - - 1 26,#-22,e5e4
5Q2/1p6/5R2/p7/1k3K2/4P2P/8/8 b - - 3 41,#+9,b4a4
8/p1r2ppk/5b1p/6q1/2p5/1P3RP1/P4P2/1K3Q2 b - - 0 42,#-10,g5g6
6k1/p3q1pp/1p3p2/7n/4b3/1P4P1/P6P/1RK5 b - - 3 30,#-12,e7c5
6k1/3p3p/r2b4/5Pp1/6PP/r4P2/4K3/8 w - - 7 48,#-6,e2d2
6k1/R5p1/1p5p/5pr1/3P1N2/1P3K2/P4P2/B2Q4 w - - 2 23,#+11,d1c1
8/1p6/5p2/1p3p2/1Pb5/5k2/3K4/8 w - - 4 50,#-15,d2c3
4r1qr/pQk5/2P1b3/6p1/P1PN1p1p/7P/6P1/2B2RK1 b - - 3 26,#+10,c7d6
8/8/1k2B3/ppp1K3/4P3/4r3/8/8 b - - 0 54,#-52,a5a4
1rk3b1/K2p1p1p/3p2p1/2p1n3/Pp3b2/2q5/P6P/8 b - - 0 32,#-2,e5c6
1rk2nr1/p1qb3p/1p4p1/2pPQ3/2P1B3/4N1P1/P1P1P2P/1R3RK1 w kq - 1 17,#+26,d5d6
6k1/4R2p/p5p1/2PrKp2/2b2P2/2Pq4/5P1P/4Q2B w - - 1 32,#+36,e5f6
8/1p3k2/2pR2Bp/p7/8/8/PP4PK/R1B5 b - - 0 26,#+7,f7f8
8/2r5/3k4/3p2p1/3P2B1/3KP2P/2R5/8 w - - 5 52,#+31,c2c7
7n/p1p4p/k1P4b/1p6/8/1K6/PP1qBPPP/Q5B1 b - - 5 22,#-5,d2e2
7R/p1p1QP1p/6p1/4nk2/2p5/P1P1K3/1r5P/8 b - - 0 45,#+18,e5g4
1k2r3/qpp2P2/1r6/3Q2P1/4p2P/2K5/2PP4/3RR3 b - - 2 26,#-27,a7a3
rnb3r1/p2p3p/3q4/Bppk3B/4N2Q/6P1/PPP3P1/R3K3 w Q - 0 22,#+3,a1d1
3k4/p3r3/5r1p/3K3b/7P/4p3/8/8 w - - 1 58,#-7,d5c4
5qr1/pQ4pk/1p4p1/8/2P3R1/1P3r2/P3Rn1P/6K1 b - - 1 33,#-21,f2g4
8/1pk1p3/4P3/8/4KP2/P1P4p/1P5q/8 w - - 0 42,#-16,e4e3
8/p7/2p1R3/1p1p2B1/1P1kp2P/PN5K/2PP4/8 b - - 1 37,#+1,d4c4
5Bk1/pb2R3/2p4p/2P2B2/5PP1/8/P6P/6K1 b - - 0 30,#+19,g8f8
1k2r3/ppp2Q2/3p4/2n5/q7/2P5/1P1P4/2KR4 b - - 6 33,#-4,c5d3
3r1n2/2k5/1pQ5/p3p2p/6p1/1P2P1P1/P6P/2R2RK1 b - - 0 26,#+5,c7b8
6Q1/8/8/8/2p5/p5k1/P1K2R2/1B4B1 b - - 8 55,#+1,g3h4
r4rk1/pp3ppp/4pnn1/6N1/3PB3/8/3KNq1P/8 b - - 3 24,#-14,f8d8
2k3b1/2p4p/3rp3/p7/3K4/P7/3P3P/8 w - - 5 30,#-32,d4e3
8/p1P5/1p1K4/7p/1P4k1/6P1/P4P2/8 b - - 0 32,#+37,g4f3
1k1r3r/pPp3pp/P1q5/5p2/3p1b2/3P1P2/1P4KP/Q1R5 b - - 3 28,#-19,f4c1
rk6/ppp3pp/6n1/4br2/3B2B1/1qPQ3P/1P4P1/R1K5 w q - 0 22,#+3,d4a7
r5k1/ppp4p/8/8/6P1/8/PKBQ3P/R6q b - - 2 31,#+21,h1f3
8/8/6p1/7p/3k1p1P/4p1r1/5K2/8 w - - 0 61,#-8,f2e2
8/8/2p2k1Q/2Pp2p1/3Pp1P1/4P3/6PK/8 b - - 2 42,#+18,f6e7
b5r1/pp1p1n1p/2p4k/5np1/2P2P2/1P6/P2P1PPP/B1Q1NRKR w KQ - 0 12,#+24,c1c3
1k1r1r2/1pp4p/p5p1/4p3/2B5/1P2nKQ1/3q2PP/2R2R2 w - - 2 24,#-3,c4f7
2k5/pp4p1/2p3p1/6P1/PP1p4/KNq5/8/8 w - - 0 36,#-19,a3a2
r3rn2/pp1b1n1k/1bpp1p1p/4NP1Q/3PP2P/2PBB3/PP6/2K3R1 b - - 9 23,#+7,f7g5
8/8/3P4/4P2p/1p2B2k/pP6/P7/2K5 w - - 0 36,#+13,d6d7
1b4br/pn1k1Ppp/1n1Pp3/8/8/3r4/6PP/q2NK1BR b K - 0 20,#-3,a1d1
8/p2P4/1p6/1Pp1p3/2P1k3/1P6/7K/8 w - - 0 50,#+23,d7d8q
4r2N/B1Q4b/4k2b/3pP1pp/5P2/pP4P1/3K3P/R3R3 b - - 0 25,#+10,e8h8
2n5/pR5p/6pk/3pB3/3P4/1BP5/PP4PP/6K1 b - - 0 26,#+20,a7a6
8/p2Q4/p3k3/2p3p1/K1P3r1/7p/P7/3R4 b - - 1 49,#+7,e6f6
6k1/3pRbp1/p2Q1p2/3P1P2/Np2B3/6nP/PP3qP1/2r4K w - - 7 34,#-1,h1h2
4r2k/2Rq2p1/P6p/1R2p3/2QpP3/3N1P2/4nKPP/8 b - - 4 39,#+28,d7d6
1n3R2/1kp3pp/p6n/1p1Q4/6P1/3P3r/PP6/1K1R4 b - - 3 31,#+7,b7a7
nrqbkrb1/pppp1p1p/8/6p1/3pPQ2/5BN1/PPP2PPP/NR2KRB1 w KQkq - 0 6,#+3,f4e5
6k1/2K3n1/8/p5rp/1p6/3p4/8/1r6 w - - 0 52,#-11,c7c6
3r2k1/p4pp1/1p2pq2/4N2p/8/1P6/P3R1PP/1K6 b - - 8 31,#-9,f6f1
6k1/p1p3p1/1np2r1p/4p3/2P2p2/3Q4/PPP2PPP/4RRK1 w - - 0 22,#+20,e1e5
r7/pr1kp3/3n4/8/4p1K1/2P5/bq6/8 b - - 1 38,#-3,a8g8
2k1r3/1p5R/1pp3P1/8/8/2Pp4/1Pb2K2/2b5 b - - 3 39,#-34,d3d2
4rn1b/p4Q1p/1p1R2p1/k1N5/P5P1/6B1/1PP1q3/2K5 w - - 3 31,#+3,f7a7
8/1k5p/1p4p1/2P5/2K2P2/6q1/P7/8 b - - 0 36,#-21,g3f4
7k/7p/6p1/pP2K3/3p4/3B2P1/7P/8 w - a6 0 45,#+12,b5a6
3r4/4k3/4Q3/1p6/1P1N4/5P2/6KP/N6R b - - 2 30,#+8,e7f8
r1k2B2/bppb2pp/p1n3n1/8/4Pp2/2N2P2/1qBK1NPP/R4RQ1 b q - 0 17,#-7,a7e3
1k6/pppp4/r6p/3q3P/P7/K5P1/8/8 w - - 13 47,#-5,a4a5
8/3Q3p/1b4pk/p4p2/4p3/4P1P1/5PBP/R5K1 w - - 0 56,#+12,d7e7
1k6/8/8/3pb3/2p5/4p3/pr4p1/2K5 b - - 3 59,#-1,g2g1q
1kn1Q2b/pp2P2p/q1p3p1/8/3P4/8/PP4BP/1K1RR3 b - - 0 27,#+18,a6b5
1r4k1/2ppp2p/1pn3p1/3N2q1/8/1P6/P1PPP2P/1R1KNr2 w - - 0 16,#-24,d5e7
8/p3Q1pk/2R4p/8/8/1P2pN2/Pb3PPP/6K1 w - - 0 30,#+6,e7e4
2krb1r1/pp1p2pp/2p1p3/3nNp2/3P4/3Q1K2/Pq3PPP/2R5 b - - 1 22,#-30,e8h5
2Q1nrb1/1Bb1k2p/1p1p1pp1/p1p5/2P2p2/1PB3P1/1N1PP2P/R2K1R2 w KQ - 1 18,#+17,f1f4
7k/p5pp/5p2/2Q5/6P1/P2r4/4q2K/8 w - - 6 41,#-2,h2h1
4r1k1/p3P1p1/2RP3p/4KP2/4Q2P/8/P7/3q4 w - - 3 43,#+21,e5e6
8/4p3/6p1/5p2/2k2PpP/1pbp4/8/2K5 b - - 1 42,#-5,b3b2
6r1/1k6/1p6/2n4p/1p4pP/6P1/8/2K5 b - - 3 44,#-17,b7c6
k2rr3/1R3pp1/p4pnp/b1Q5/b7/3BPNN1/3PK1P1/1R6 b - - 0 26,#+8,a5b6
5k1r/pq3bpp/2pQ2N1/8/4p3/2P1P3/PP4PP/4RRK1 b - - 4 27,#+14,f8e8
5rk1/3q4/p3n3/2p1B3/4p3/3pK3/PP1R2P1/8 w - - 0 35,#-17,b2b4
r2k1r2/pp1pp1pp/2pn1p2/b7/P2PnP2/3qBNP1/6KP/2Q5 b kq - 1 19,#-26,d3e2
2kr3r/1p1bppp1/p1p3p1/4q3/1BN1p3/2P3P1/PP2PP2/Q2R1RK1 b - - 3 15,#-7,e5h5
3r4/4R2p/5p2/pR4p1/1b2k3/1P2BbP1/P4P1P/6K1 b - - 13 41,#-5,b4e7
8/1k5p/p7/8/P7/KPP5/5q2/8 w - - 3 60,#-17,b3b4
b7/4k2p/4pp2/pB6/P2K4/8/7r/8 w - - 0 33,#-35,d4c5
5kr1/2p4p/1pP2P2/3pP3/1R1P1Q2/3K4/P2B3P/6q1 w - - 5 39,#+22,e5e6
6kr/4ppp1/2rp4/5b1p/5n2/1PN2PR1/2P3P1/1Bq2K2 w k - 0 22,#-8,c3d1
2k1r2q/8/p1pQ2p1/1bPp1p2/1P4P1/5P1p/7P/4R1K1 w - - 4 35,#-23,g1f2
1b6/3kp2Q/3p4/2p5/P4r2/2P5/P1B1P2P/2R1K1B1 b - - 1 21,#+20,d7c6
8/Q1p2p2/1r4pp/k1q5/8/1R6/PPP2PPP/2K5 b - - 0 28,#+2,b6a6
8/6R1/4p2k/p3P2p/1p3P2/1P6/P1P4P/7K w - - 0 50,#+27,g7d7
1b3kr1/p4ppp/1pb5/2p2N1n/2P5/1P1p2KP/P2Pq1P1/B2Q2R1 w k - 0 18,#-1,g3h4
8/8/4k3/1p1pP3/3P1Kb1/2P3P1/7P/8 w - - 0 46,#+31,f4g4
rnQ3br/p1k2ppp/3Np3/3p4/8/1P4B1/P1P3PP/b2BKN1R b K - 6 14,#+3,c7b6
8/5p1p/6p1/2k5/P7/6P1/1R1N1PBP/5K2 b - - 0 25,#+25,c5d4
5n1r/7k/1p5p/1P1B1N2/8/8/3PPPPP/2BRQ1KR b KQ - 0 26,#+14,f8g6
kr6/1p1n1b2/p1p2bp1/P2p1p2/Q2P4/N1P5/K7/7q b - - 0 38,#-48,f5f4
4r1b1/kp4q1/4p1p1/1pNp1p1p/1P1P1P1P/1PR2QP1/1K6/4RNB1 w - - 2 27,#+28,e1a1
8/1pk2b1p/8/8/8/3N2K1/1p6/7r b - - 1 42,#-11,b2b1q
br1r4/1p2qppp/2pNk3/Q2BPp2/2N2P2/1P6/P1PP2PP/1RK1R3 b KQ - 0 16,#+24,c6d5
1r6/3Q2pp/3b1k2/4pp2/2pq4/5B2/PP4PP/4RR1K w - - 0 26,#+25,e1d1
bb2qrk1/p1p2np1/5p1p/1p1P1P2/6Q1/1P1B3R/r5PP/5K2 b - - 1 24,#-7,a2a1
8/1ppkn2p/3p1p2/4r3/8/p7/5K2/8 b - - 1 42,#-7,a3a2
2r5/8/8/2p2Rpp/2P4k/1PBP4/P2K4/6R1 b - - 3 30,#+12,c8f8
rb4k1/pp4pp/4n3/2p5/4q3/1KP5/PP5P/3R4 w - - 2 24,#-21,a2a3
1q1r2b1/pk2pp1p/1pQ5/3Pb3/4P3/5P2/P5PP/1BRNKN1R b K - 4 15,#+2,b7a6
r6b/1k5p/1p2N1p1/1Q1pPp2/3P1P2/3N2P1/1PP4P/1K1R3B b - - 2 19,#+7,a8d8
2kr3r/1p4pp/1p3p2/8/2qp1P2/b2N2P1/P1KP2BP/Q2R3R w - - 0 19,#-11,a1c3
1r1k2rb/p1p1np1p/1p1p4/8/4p3/P5P1/QPPP1qRP/1RK1N3 b kq - 1 15,#-1,f2e1
4r2k/pppb3r/1n2p1PK/8/2P4B/1PN5/P7/3R4 w - - 0 31,#+6,g6h7
2r5/8/3R2pk/5p2/p1B2P2/1P4P1/P4KP1/3R4 b - - 1 33,#+37,c8c7
1r3rk1/pb3ppp/5p2/b1p2N1Q/8/1Pq1p1P1/P1P2P1P/1RK3R1 b - - 5 20,#-9,c3d2
kr5b/1n2pp1p/6p1/1bp5/1P2Q3/pPq1B1P1/P4P1P/R2K2RB b - - 2 24,#-6,b8d8
3R4/6nk/1R6/1P4K1/8/7P/1r3r2/8 b - - 3 52,#-6,f2f5
Q4nrb/2ppk2p/4p3/6p1/5PP1/1PqR2NP/P3KP2/4n1RB b - - 0 19,#-2,c3d3
7Q/8/5B2/8/3P1R2/1PKP4/5P2/5k2 b - - 4 53,#+9,f1g2
6k1/4np2/1p3p1p/3b4/1r4BP/4b1PK/3pP3/8 b - - 1 45,#-4,d2d1q
8/pk3R1p/1pn5/2r5/8/8/KPP3r1/8 b - - 7 41,#-30,b7a6
2r1k1br/1pp5/1p2P1q1/3P3p/2P5/7B/P5PP/2QR1R1K w k - 0 31,#+14,c1a3
r6r/ppq2p1k/2p2b2/4pNp1/2BP1pQp/P1P5/1P3P2/R3R1K1 w - - 0 22,#+16,g4h5
2k5/p4p2/1p6/7p/3pp3/1P1N1bqP/P1P5/B5K1 w - - 2 33,#-2,g1f1
8/1kp4p/1pbr2p1/4B3/2Q4P/PKR3P1/Pr6/8 w - - 13 36,#+27,b3b2
R4bk1/2p2p2/3p3p/6pN/6KP/6P1/5r2/8 b - - 0 36,#-2,f7f5
1k3r2/pp6/2p5/3n3p/4p2P/P4qPQ/2P2r2/1R1R2K1 b - - 10 35,#-21,b8a8
8/5P2/8/1R6/6P1/p1P5/KPk5/1r6 w - - 0 46,#+21,f7f8q
6k1/pb4rn/1p2p1r1/4P3/3p1P2/1P1P2N1/P4R1K/4NR2 b - - 7 35,#-2,g6h6
8/1p6/1kp5/3Q1Q1p/p2P1P1P/2P5/PP1K4/8 b - - 0 39,#+23,c6d5
8/1N5p/8/5ppk/5P2/4Q1P1/7P/5B1K w - - 0 44,#+8,e3e8
8/8/1k1r4/7p/p5p1/1p6/3p4/1R1K4 b - - 1 62,#-46,g4g3
r1N3bb/pk1p1p1p/6p1/8/4n3/8/PPPPQPPP/RKR2NBB w KQ - 3 12,#+23,e2e4
8/8/8/2k5/2R5/1P1P2P1/P1P4P/1K6 b - - 2 44,#+18,c5d6
4N3/kp5p/p2QP3/8/5qP1/P7/1PP5/2K1R3 w - - 0 40,#+12,d6f4
5k2/5p2/2pB4/3p2P1/3P2P1/n1PB4/8/2K5 b - - 0 34,#+23,f8e8
b7/8/1N1Q2p1/1pp5/8/kP6/P1PP2PP/6K1 b - - 0 40,#+22,a3a2
2r3q1/1k1p3p/1p4p1/p1nPp3/4Pp2/1P3PP1/PK3B1P/3R4 b - - 1 34,#-22,g8f8
5r2/R1k4p/1p1p1p2/7p/3N4/1P1Pb1P1/1PP4P/3K3B b - - 5 26,#+11,c7b8
1b1k1r2/p6p/8/5Pp1/2PB4/8/P5PP/4K1RQ b K - 0 21,#+37,b8f4
3r1rk1/p5pp/1p3p2/2p3nP/3p3K/1PP2qPN/PQ1P4/BR6 b - - 8 24,#-8,f3g2
K1n5/4pp1p/1p6/8/5k2/p7/8/1q6 w - - 0 43,#-8,a8b7
8/8/1p2p3/1kp5/1p2P3/1P1P2B1/8/1BN2RK1 w - - 3 38,#+37,c1e2
Q7/2q1k1p1/1p1p1p1p/1Pp1pP1P/2P1P1P1/3P4/1B1K4/8 w - - 3 38,#+33,a8g8
8/p1k5/3p4/2p5/2P5/r1PK4/8/5n2 w - - 0 34,#-22,d3e2
8/p2Q1pk1/1b4p1/2pPp2p/3q4/1P5P/P4PPK/8 w - - 2 33,#-23,h3h4
8/p1p3R1/kp1R4/3r4/3N4/3K4/P7/8 w - - 1 41,#+8,d6d5
br1brk2/p5pp/2p5/1pNpN3/1P1P4/2n5/P1P2PPP/BR1QR1K1 w - - 10 19,#+6,e5d7
5rk1/4ppbp/p2P2p1/1p6/1n2q3/1P1P1N2/P1r2PPP/1K1R1B1R b - - 0 17,#-2,c2b2
1k3rqn/2p2ppp/3B4/pp6/4P1P1/8/P1P4P/1RK1NRQN b k - 0 14,#+7,b8a8
1rk4r/Rpp1b1pp/b3N3/K1B2p2/8/1q1N1P2/4B1PP/5Q1R b kq - 0 22,#-1,b3b5
2kr4/ppp3p1/8/1b6/1P1PpqP1/4R1N1/4B2r/1K2R3 b - - 6 27,#-15,f4e3
3q3k/p5r1/np2pR1p/3pP1PQ/8/4N3/PP2N1P1/6K1 w - - 5 28,#+3,f6h6
3r2k1/p5pp/5p2/q7/2pp2Pn/2P4P/5P2/2R3KB w - - 0 30,#-24,c3d4
bnqr2k1/p6p/2p4n/1p4Q1/3P4/1P4N1/PBP1B1PP/5RK1 b - - 0 18,#+1,g8h8
8/5pkp/4q1p1/4P3/6P1/b5P1/1B6/K7 b - - 0 39,#-28,a3b2
8/1Q5k/4p1q1/P2p2Pp/1p1P3P/1P3n2/1KP5/2R5 b - - 3 45,#+25,h7h8
n6r/p7/4N3/kp1P3p/2n1B3/4r3/PP2Q2K/4R3 w - - 5 28,#+24,e2f2
q2k4/ppn2p2/2p1bPpp/1P2N3/P1p2P2/6P1/2P1P2P/Q4K1B w - - 0 20,#+26,a1a3
3Q4/5k1p/8/8/8/2N5/1P4PP/4KR2 b - - 2 31,#+3,f7g6
1r6/p2Q1k1r/1p1p1p2/2pP3p/P3P3/5Pp1/1PP3P1/2KR3R b - - 2 27,#+27,f7g6
4kr2/1pNb2pp/p7/4p3/P2Pp2P/1P4q1/2K5/5R2 b - - 0 25,#-26,e8d8
4R3/pb1R2pp/2p2pk1/2p5/8/1P3PN1/P4KPP/B3Q3 w - - 3 23,#+4,e1e4
nb1r2kr/pp4pp/2p5/3p4/6q1/1P6/PBPP4/NB2RK1R b kq - 3 16,#-2,d8f8
8/p7/7k/2P1PQ1P/8/3K1p2/P5q1/8 w - - 0 47,#+46,f5g6
r3kq2/ppBpp1pp/5b2/2p5/P2n2P1/7P/b1P2P2/3K4 b q - 2 26,#-12,d7d6
8/7p/8/5Pk1/P3p3/2P1P3/1P1P4/2K4R w - - 1 39,#+23,c1b1
8/2k1Bb1p/8/1Bpp1P2/7Q/R7/P6P/1K6 w - - 0 37,#+4,e7d8
3k3r/1Q2n2p/3b1p2/2p5/2b1B3/3R1P2/r5PP/2K1R3 w - - 1 27,#+5,d3d6
1k6/1p4pp/1r6/8/1Npq1P2/7P/3p2P1/1K3QN1 b - - 0 38,#-3,b6b4
rbb2k1r/p1n1n1pp/5q2/2N2P2/8/BBQPN3/P5PP/R4RK1 w - - 3 22,#+28,c5e6
3Rnrk1/p5p1/1p6/3p4/KPq5/P5P1/3P4/8 b - - 0 27,#-2,c4c2
8/pp3p2/4bk2/1P2p3/5p2/3P1P2/2r5/4K1R1 b - - 1 37,#-39,c2c1
1b3rk1/p5pp/1p6/2p2p2/2P1p3/1P2Kb2/P5rP/2B1R3 w - - 0 28,#-1,c1a3
8/7p/6k1/1p1pp3/3b2p1/2pP2P1/4K2P/8 w - - 0 42,#-27,e2d1
5bk1/4r2p/1p2P2q/p5p1/1P3PPn/2B3K1/r4N1P/4R3 w - - 0 34,#-18,f4f5
8/1k1n3p/1p3p1P/8/8/4q3/3r2p1/1K6 b - - 1 51,#-1,g2g1q
8/7P/8/p7/P5k1/1PK5/2P3P1/8 w - - 0 41,#+29,c3d4
bb5r/p5kp/2pn1p2/3p1Q2/8/2P5/PP3KPP/B6r b - - 1 26,#-19,d6f5
b6r/p5pp/1n3p1k/4p2P/1P2P3/P1Q2P2/qBB2KP1/7R w - - 1 30,#+31,c2b3
8/1k6/4N1Q1/2p2p1p/1p1n4/1P4P1/PK3P1P/8 b - - 2 42,#+36,d4b5
1rbk2qr/ppn3pp/4p3/3P4/3pPQ2/3P2N1/PP4PP/2RB1RK1 b - - 3 17,#+22,c7a6
r1krR2n/2p2p1p/5P2/5Qpq/pP6/P1N5/1KP3PP/5R2 b - - 4 27,#+11,c8b7
8/3P4/8/pR6/2P5/1Pk5/r5NK/8 b - - 0 56,#+24,a2f2
8/3k4/4RPK1/rp4P1/8/6q1/8/8 b - - 0 52,#-12,d7e6
k2r3b/P1p4p/b1nr2p1/1q1p4/4p3/2P2PP1/1NKQ2BP/1R1R4 b - - 1 26,#-22,c6b4
8/4k1K1/1p1p1p1P/p7/6q1/6P1/8/8 w - - 1 52,#-3,g7h7
1k1r4/4p3/4P3/1p6/1Pp5/K5pp/8/8 b k - 0 32,#-6,d8d3
1k6/1p5p/3N2p1/8/1P2B3/2b4P/6PK/5q2 b - - 2 30,#-5,c3e5
8/8/8/4p1p1/bkn2p2/5P1p/K3P2P/8 w - - 0 39,#-18,a2b1
4q2b/krn2p1p/3R2p1/1pBQ1P2/p5P1/P7/1PP4P/1K6 b - - 2 25,#+5,a7a8
3kr3/1p4q1/pNp3p1/P1Pp1b1p/1P4p1/K5Q1/4r2P/3R1R1B b - - 15 30,#-3,g7b2
8/8/4Pk2/p2P1P2/2K1P2P/6N1/P7/5R2 w - - 1 40,#+11,e4e5
rb3Q2/ppp3pp/2kp4/4p3/2nqP3/3N4/2BPK1PP/5R2 w - - 12 24,#+35,f8e8
7k/4Q3/3N1P2/2RK4/P1PP4/1P6/8/8 b - - 2 67,#+1,h8g8
1R6/5bk1/3BP1p1/6K1/5PB1/8/8/2r5 b - - 0 59,#+20,f7e6
2b5/1k6/2p5/Pp1p3R/1K1PpB2/2P3P1/1P5P/8 b - - 0 48,#+33,b7a6
3r2rb/pBn1k2p/8/p7/2Q3p1/4B1P1/1PPN3P/R2K1R2 w Q - 2 20,#+2,c4f7
4r3/1k6/2R3pp/1B1Q2P1/7r/5P2/4P3/5RK1 w - - 0 36,#+4,d5d7
2k5/1p2r2p/2br4/R4p2/4pP2/2p3P1/2P4P/QR2KBq1 b - - 3 32,#-19,e4e3
2Q5/1p3ppk/1q5p/3PpP1P/1b1n4/3P2P1/1Pb1R3/2K2B2 b - - 5 31,#-14,c2d3
8/7p/6p1/6k1/1R6/3p1p1n/P3p2P/7K w - - 0 42,#-6,b4e4
2kr4/7p/1qP3p1/8/4P3/1K4P1/2P4P/4b2B w - - 1 29,#-4,b3a3
7b/3p3p/p2P2p1/Pp1k1p2/1K3P1P/8/8/8 w - - 1 33,#-29,b4b3
8/2p5/3p3b/3Pk3/6Bp/4pK2/8/8 b - - 5 57,#-50,e5d5
8/p1k2p1p/1p4q1/5NP1/8/6PK/5P2/8 b - - 4 43,#-36,g6f5
5r1k/2p2qpp/3p4/Q1p1p3/8/2Pb2P1/P5KP/1R6 b - - 3 23,#-2,d3e4
1k1r4/p1r2pp1/Rp2p2p/1Qp1P3/2P5/8/PP3PPP/K2qR3 w - - 8 29,#-1,e1d1
8/5K2/3kb3/p1p5/1pPp4/1P1P4/P7/8 w - - 0 59,#-40,f7f6
n1b5/p1p1k3/1pK5/4p3/1P2r3/8/8/8 w - - 0 36,#-16,c6b5
qr3r1k/p1R5/1p1N2pp/4Rp2/P1B5/7Q/7P/6K1 b - - 0 27,#+7,a8h1
8/5pk1/p1P3p1/4K1Pp/4R2P/2rr4/8/8 b - - 4 49,#-2,c3c5
4rrk1/p4b1p/2p3p1/1p1p1p2/3Pn2q/1PPB4/P1Q3K1/3R3R b - - 3 26,#-25,h4g5
2k1r3/1pp3pp/p3p3/2q2p2/2P5/1QP3P1/PP1r1PP1/3RR1K1 b - - 4 27,#-2,c5f2
8/3k2r1/8/8/1R1p4/1K1Pq2P/4P3/6q1 w - - 0 37,#-6,b4b7
8/1Bk5/P3p1p1/2P2p1p/1p4nP/6P1/4b3/6K1 w - - 1 47,#-27,b7g2
8/p1R1B3/1p4k1/4p3/3pb1P1/1P3pP1/P5r1/6K1 w - - 4 40,#-5,g1h1
3k2r1/1Q5p/2p3p1/2q1P3/3NP3/6P1/P6P/BR4K1 w - - 1 27,#+2,b7b8
5rk1/p1R2pp1/1p2n2p/7P/4q1PB/5n2/P2P1R2/5K2 b - - 3 23,#-7,e4e1
6R1/1p3P2/3k2PK/p7/2P5/1P6/1P6/7r w - - 9 52,#+22,h6g7
3R4/p7/8/3pp3/3k4/PK6/1P3q2/8 w - - 6 50,#-40,d8b8
k6r/7p/1Qb1qppb/4p3/8/1N3P2/PPP3PP/1K1R4 w - - 1 20,#+15,b3c5
4k3/3b3p/2p3p1/2Q5/1Pp1qP2/3ppBP1/7P/6K1 b - - 3 42,#-20,e3e2
6k1/p3P1pp/8/8/1pPn1q1n/1P1Q1RNP/P7/7K b - - 0 31,#+9,f4b8
8/7p/1k1B2p1/1N2p3/B7/3P2P1/Q1P1PP1P/R5K1 b - - 0 29,#+5,e5e4
4Q3/Q6p/pp2P2b/k1p2p2/4pP2/2PbK1P1/1P5P/N7 b - - 1 35,#+7,h6f4
2krr1b1/ppp1pnqp/4n1p1/N3Pp2/2Pp1P2/3P2P1/PP5P/RK1NRB1Q w KQ - 0 11,#+10,h1b7
rq3nR1/pb1pkp1p/4p3/2Q1Pp2/2P2P2/1P6/P6P/2KRNN1B b - - 0 15,#+11,d7d6
8/4R1pp/2p1Qk2/2P2p2/2P2q2/P7/1KB4P/8 b - - 0 35,#+12,f6g5
8/8/2k1P3/5p2/p7/6B1/P5PK/8 b - - 0 60,#+21,a4a3
8/4P1k1/1q5p/1pbP2p1/2p2p2/1P1p1P1P/6P1/4RK2 b - - 0 43,#-7,c5g1
1k1r1r2/1bp5/5b2/4p1pp/2q1Pp2/3P1PP1/n2K1BBP/2R2R2 b - - 1 38,#-2,c4d3
6r1/pn1q2Pk/4p3/3pP3/3P2Q1/1p1P4/1K6/8 b - - 0 37,#-30,g8g7
5r2/2p5/2k5/7p/5p2/p2Kp3/6PB/8 w - - 0 48,#-16,h2f4
8/p1P1k3/1p6/8/4K3/1P5p/PB3P1P/8 w - - 1 41,#+11,c7c8q
n1r1b1N1/2p2k1p/p2pn1pP/1pb5/q6Q/2PP1P2/PP1B2P1/NBKR3R w - - 0 24,#+9,h4e7
8/3n1pp1/3P2k1/4b3/8/8/1p5p/1K6 b - - 1 45,#-3,h2h1q
8/7R/8/5p2/P5k1/1P6/2P3NP/2K5 w - - 3 37,#+23,a4a5
8/2p4p/kp4p1/3Q1p2/4p3/1PN3q1/P1P5/1K1R4 w - - 2 27,#+1,d5a8
7r/3k4/4p3/3pn3/3N4/5P2/1r6/3B2K1 b - - 2 45,#-22,b2b1
8/8/2k4p/1R4p1/P3p3/1P2P1P1/5P1P/5NK1 w - - 0 44,#+27,f1d2
8/R5pp/3p1pk1/2p1p3/2P1P1b1/2KP4/4Pq2/4N3 b - - 9 34,#-46,f2e1
2QQ1QQ1/1P6/8/8/4R3/P7/8/2K4k b - - 0 72,#+1,h1h2
8/kp6/3pp3/2np3p/P5P1/KPn5/2r3PP/3R4 w - - 3 40,#-34,d1a1
4Q3/6kp/p5p1/2bq4/1pn2P2/6PB/P1P1R2P/5K2 b - - 3 33,#-1,d5h1
8/5k1p/8/3Kp1p1/3pP3/3P4/8/8 b - - 1 42,#-26,f7f6
1k1n2r1/2Nqbp1p/pB1p2p1/3Pp3/4P3/1Q3P2/1PP3PP/RK4n1 b Qk - 1 23,#+12,d7c8
8/8/8/1kB2p1p/1P3KpP/6P1/8/8 b - - 1 45,#+48,b5c4
5k1r/p1p2ppp/5b2/8/2KpqB2/5N2/PP3PPP/8 w k - 0 20,#-23,f4e5
5r1k/2R4p/1p5q/2pQ1pp1/8/PP5P/6P1/3R3K w - - 0 33,#+15,d5e5
1r3r1k/2p4p/b2p4/P3pNp1/2p1P3/3q1P2/P1KB2PP/QR6 w - - 6 26,#-23,c2c1
5rk1/4Rp1p/p3bQp1/1p6/2p5/2P3RP/PP3P1K/8 b - - 6 33,#+10,e6f5
8/8/4p1p1/4Pp2/4pP2/1p2Pk2/1KbB4/7q w - - 0 59,#-26,d2c3
8/1p6/1k6/3p4/Q7/1P1P4/1PP5/1K6 b - - 0 46,#+24,b6c7
3r3k/pp3p1P/2p2N2/5r2/3p2P1/4q3/PP5P/1K1R2R1 w - - 0 27,#+17,g4f5
8/8/6p1/2Q1k3/2bp3P/6P1/5K2/8 b - - 0 38,#+52,c4d5
4kr1q/pp4pp/3K1p2/1b6/1P3p2/n4P2/P1r3PP/R6Q b k - 1 32,#-6,c2c6
rb3nkr/pbp5/1p2pQp1/4n1p1/2P5/1P2N1N1/PB2PPPP/R5KR w KQkq - 1 12,#+4,b2e5
5Q2/7p/6p1/2p1p3/p6k/P1P1KB2/2r3P1/8 w - - 0 41,#+2,f8h6
4r3/6kp/3Q2p1/N3pP2/8/2P2P2/P5PP/3R1RK1 b - - 0 36,#+12,g7g8
8/p2P1k2/8/8/2P5/8/P6B/4R2K b - - 0 50,#+7,f7g7
2kr3r/7p/1ppPpqp1/8/QpP5/4R1P1/5P1P/2R3K1 w - - 0 28,#+10,a4c6
8/1k6/1pr1p3/8/8/6P1/PQP4P/1R4K1 w - - 2 31,#+22,b2b4
1k1r4/1p5p/1b1p1Q2/2q2p2/2b1pP2/8/8/2RK3B b - - 1 38,#-3,c4b3
8/8/8/4R1k1/1R6/3r3P/5PP1/6K1 b - - 3 31,#+51,g5f6
2k2n1r/2r2b2/5pp1/2BPp2p/Q3PP1P/P2P2P1/1P6/1K5R w - - 3 32,#+28,a4a6
8/1n3pk1/2p1p3/1pr5/r7/8/6K1/8 b - - 5 47,#-4,a4a2
8/5Q2/kp2p1pp/p7/P7/1P6/Kr1q3P/8 w - - 0 43,#-1,a2a3
8/p5pk/4q3/8/4Pp2/1P3P1p/P2R1K1P/2r5 b - - 1 45,#-3,e6b6
2k5/pp4qp/2p5/5p2/2n5/1KN1bPP1/Pr4BP/4Q2R w - - 0 29,#-2,b3a4
b1r2r1k/p6p/1p3np1/3Nb3/1P6/P2K2Pq/Q6P/1N1RR2B b - - 0 22,#-22,h3f5
8/p4pk1/1r3p1p/1p5P/3n1p2/Pp6/5KP1/1B6 w - - 0 32,#-37,f2f1
7Q/ppnk3p/2p5/2P4p/8/4B1P1/PPKN2qP/8 w - - 15 32,#+13,h8h7
8/1kp4b/8/8/3Q4/8/PB1K3P/8 b - - 1 33,#+25,b7c6
6r1/pk6/1n1pr3/8/1K4p1/8/8/8 w - - 1 37,#-13,b4b5
8/8/3p4/2pP1k2/2P2P1p/5K1P/3N4/8 w - - 0 41,#+31,d2e4
2R5/pp3rkp/3PK3/8/P6b/8/6p1/5q2 w - - 2 42,#-5,c8c5
8/1R6/5k2/1p4p1/2p5/P1P4P/1P4P1/6K1 w - - 0 47,#+27,b7b5
1k6/2NR3p/1pB5/2p5/8/P5P1/2K4P/4r3 b - - 2 31,#+18,e1e2
8/1p1R4/p6p/5k2/4pp2/1B6/PPP2PPP/3R2K1 b - - 3 27,#+9,f5g5
6kr/p4pp1/1b5p/4q2P/1p6/1P6/P2P2P1/2NK4 w k - 0 27,#-26,c1e2
1r1rn3/4PkbQ/1q3p2/2p2Np1/p1P5/1P6/P1B4P/B1KR2R1 w - - 1 26,#+4,f5h6
1k2r1n1/2pp3p/pp6/8/3N1p2/1PKPn2Q/P1P4P/4q3 w - - 2 23,#-20,c3b2
7k/p6p/4q1p1/8/P2p1r2/1P6/1KP5/8 b - - 0 32,#-14,h8g7
6b1/5kpr/5pn1/1P2p2p/PP2P3/6P1/3P3P/1BQRKN1R w KQ - 1 20,#+8,b1a2
b6k/p3p1pp/q3r1n1/N7/1Q6/3r2P1/P3P2P/1R2K1R1 b KQ - 0 21,#-36,d3d8
2k1r3/ppp3pp/3r1p2/6q1/1R6/6K1/2P3PP/N5QR w - - 2 19,#-16,g3h3
3k4/p1p5/1pP2pp1/1P2p2p/P3P1bP/2K3P1/8/8 w - - 1 36,#-37,c3d2
8/p2K4/2p1p3/2P1P3/kP6/2P2QB1/P7/8 b - - 0 52,#+5,a4a3
6k1/p1Q3pp/1p3n2/6n1/2P5/5qKP/P1B5/B7 w - - 0 31,#-7,g3h2
5rk1/pb4p1/1p2p3/2ppP1p1/2PP4/1PB2qP1/P2Q1PNP/4R1K1 b - - 1 23,#-19,d5c4
6k1/p4p2/2p3p1/1q1p4/8/8/3K4/8 b - - 5 47,#-14,b5b2
8/1p5p/8/5p2/P1QNk3/1P4P1/1K1P3P/7b w - - 6 33,#+2,b2c3
1k1r3r/p1p2p1p/1pBp4/3P2p1/KP6/2q2N2/P1b3PP/3R1Q1R w - - 1 24,#-7,a4b5
2k5/7p/2pQ4/6N1/4b3/8/PPK4P/R7 w - - 1 33,#+10,g5e4
1k3r2/pp2Q3/8/7p/q1nN2p1/2P3P1/PP5P/1K1R4 b - - 0 27,#-1,a4d1
2krr3/pb5p/1p6/4Nq2/4pP2/1P2P3/P1p4P/K2R4 w - - 0 29,#-17,d1d8
3r3r/6pp/4k3/3p4/3bp3/P2n4/1P2R1PP/1K6 w - - 0 29,#-16,e2f2
8/p7/8/6p1/1ppk2P1/5K2/PP6/8 w - - 0 41,#-21,f3e2
8/6p1/1p1P2k1/2p2N2/2P4P/6PK/8/8 w - - 1 50,#+31,d6d7
2r2kr1/pq3p1R/2p2Q2/2P5/PP2B3/4P1P1/7P/6K1 w - - 1 28,#+11,e4c6
3B4/8/2p5/4P1P1/P4k2/KP6/8/8 w - - 0 55,#+30,e5e6
8/7k/8/6pp/pK6/1p6/P5bP/8 b - - 1 50,#-18,b3a2
8/2p5/4k3/5pKP/1p6/6P1/P2p4/8 w - - 0 52,#-23,g5f4
4R3/6pk/p4p1p/Ppp5/7P/5P1b/3q1BK1/8 w - - 1 41,#-38,g2g3
1k1br2r/1P3qn1/Q3ppp1/1RPp4/3P1P1p/5P2/3N2PP/2B1R1K1 b - - 0 25,#+11,d8a5
8/8/7N/1p1pk2P/5p2/1P3K2/P7/8 b - - 0 44,#+32,d5d4
4b3/p1k3b1/1p1p3p/2pP1qp1/2P2p2/1B2r3/PP1N3P/2KR4 b - - 1 29,#-5,f5f6
4r2r/Q2p4/1pkbbR2/8/2P4P/1P1N4/P2PP1N1/1BRK4 w - - 1 22,#+14,g2f4
5k2/1p6/2p4p/8/2P4P/1P3b2/5qB1/7K w - - 4 42,#-25,g2f3
5rk1/ppp5/6pb/3q4/2n3pP/4N1P1/PPPN4/2K1R1Q1 b - - 5 23,#-20,d5d2
r3q3/2k5/1rP1p1p1/p3Pp1p/Q3p2P/P1R1P1P1/1P6/1K1R4 w - - 5 36,#+23,d1d7
8/8/pp6/3k4/2p5/2Q5/PP1pK3/8 w - - 3 53,#+45,e2d2
6k1/1p1p3p/1p6/8/rK1Q1P2/3R1P2/P1q4P/8 w - - 12 29,#-1,b4b5
8/p7/5Pp1/8/8/4k3/P5P1/3BK3 w - - 1 43,#+12,f6f7
1k1r3b/Np2p2p/2p3p1/4Pp2/2Q2P2/4B1P1/PPK4P/3r3B w - - 1 22,#+12,a7c6
3r2k1/pb3rp1/1p6/2pPR1b1/8/PP4B1/5PPP/1Q1R2K1 w - - 0 30,#+31,e5g5
3rk1r1/5p1p/p2bp3/2p2p2/Pn1P1P2/1PN5/1QP2KqP/2BR1R2 w kq - 1 20,#-32,f2e1
8/5k2/5brr/8/1pPB1R2/1P3K2/7p/R5q1 b - - 1 54,#-6,g1g2
3r3k/8/8/2Q2PPp/2NP4/2P5/3K4/8 b - - 0 38,#+20,h8g8
8/5p2/5P2/3pp3/8/1kPP3p/1p6/1K6 b - - 1 51,#-2,h3h2
rb1k1q1n/5ppp/3p4/p2Q4/3P4/1P6/P4PPP/RB1KR1NN w KQq - 0 13,#+10,d5a8
8/5pk1/1b4p1/pp6/1n2P2p/5PpP/2rRK3/8 w - - 6 51,#-14,d2c2
8/1b2kB2/6P1/4P3/p7/1pK5/6r1/8 b - - 1 48,#-26,b3b2
3k4/1p1b3p/p2P2p1/2K2PP1/8/8/8/8 b - - 0 63,#-33,d7f5
2r2r1k/5pp1/7b/4Q3/4B3/P3P1R1/bPP2P2/2K1R3 w - - 5 32,#+9,e1h1
5B1b/1k5p/6pP/1K2p1P1/2P1Pp2/5P2/8/8 b - - 2 47,#+15,b7c7
8/2kBQ3/1q1p1p2/3P4/2r5/1p2R1P1/1K6/8 b - - 0 40,#-7,b6d4
8/PB5p/6p1/R7/2P2pk1/8/2r4P/4K3 b - - 2 49,#+17,g4h3
3r1r2/p6k/1p2pp2/4n3/2P1NQ1P/P2p4/1P6/2KR3R w - - 0 30,#+22,e4f6
8/8/2k1p3/5p1p/pB1p1P2/P2K2P1/8/8 w - - 6 52,#+38,d3d4
kr4q1/4r2p/BB1b1n2/PQ1b1p2/1P6/2Pp2P1/7P/R4RK1 b - - 0 26,#-15,d6g3
r4k2/ppq1n1pQ/3bb3/6BN/3P3P/8/PP2P3/R6K w - - 1 20,#+3,h7g7
3qkbr1/1R1r4/1PQp1B2/3P4/1P2PPn1/3B2P1/8/R3K3 w - - 3 35,#+11,f6d8
8/ppQ2R1p/4pkp1/5p2/P3p3/1q4P1/4PP2/6KB b - - 2 29,#+2,f6g5
8/p5p1/8/1P6/5Pp1/K5P1/P3k3/3q4 b - - 1 43,#-12,d1d3
6r1/8/7k/1p2b3/4p2K/4P3/6b1/8 b - - 9 42,#-1,e5f6
2R5/p1p4p/2n4k/8/2P4P/1N2N3/1PP2r2/1K1R4 w - - 5 40,#+25,c8c7
5rk1/1p4p1/6p1/p3QpP1/3Pb2P/qPp1P3/2P5/2KR2R1 w - - 0 28,#-1,c1b1
1r1kr1b1/2qpp2p/p1p3p1/3B1p2/5P2/1nb3P1/3PP2P/R2KR3 b Kk - 1 17,#-24,b3a1
8/3kn1Q1/8/1PN2p2/5P2/2K5/P5bP/8 b - - 2 52,#+31,d7e8
5R2/1k4pp/5p2/pBB1p3/4P3/1P3NN1/P4PPP/6K1 w - - 1 31,#+3,g3f5
q2r1kr1/pp1bpppp/2p3n1/2Pp4/1P1P2n1/3N1RP1/P3PPP1/QB2BKR1 b Kkq - 0 10,#-1,g4h2
r4rk1/p5pp/1p1p4/1Pp1p3/2Pq4/P2P4/6Q1/RB2R1K1 w - - 2 24,#-22,g1h2
8/2B4k/5bQp/p6P/1p6/3N1PP1/PPP3K1/5R2 b - - 0 34,#+3,h7h8
4Q3/pp1B2k1/1bp5/6pp/6P1/1P4P1/P6K/5R2 w - - 0 40,#+3,f1f7
r1nk4/pppppq1p/6p1/1PP1P3/1K6/8/P2P2bP/7r b q - 3 17,#-5,f7a2
3n4/5k2/3p1p2/3b4/5qP1/7K/8/8 w - - 0 45,#-2,g4g5
8/6k1/1p2p1p1/3pP1Pp/3P1N2/1qb3PK/8/8 b - - 3 41,#-10,c3e1
r4kn1/1B3p1p/pN1p2p1/2n5/3q4/6P1/P4P1P/2RK1R2 w - - 2 21,#-23,d1c2
8/pkp5/1pq3p1/6Np/5P2/2P3P1/PP1Q1B1P/K4n2 b - - 0 30,#-9,f1d2
3rkr2/p1pp4/8/1pP2BQ1/1P6/2R2P2/b2P4/B2KN3 b - - 1 28,#+12,f8f5
8/p7/1p6/1kp3PR/8/8/P7/2K2R2 b - - 0 46,#+13,b5b4
8/pp4kp/5pp1/P3n3/1PB1q2P/1Q4PK/3n4/8 b - - 1 31,#-1,e4h1
2r1r1k1/7p/4P1b1/q1Pp4/1p4P1/pP1NRP2/3N4/R1K5 w - - 1 31,#-26,c1d1
1n6/p3p1kp/5p2/1p3P2/3r2K1/6b1/8/6q1 w - - 2 36,#-1,g4f3
4k3/R6p/1P6/p1p4P/3q4/6P1/4R2K/8 b - - 2 43,#+25,e8d8
2r2rk1/1q2ppb1/p5p1/7p/2NP4/1P5b/PB2RP1P/4R1K1 w - - 2 22,#-26,d4d5
4k3/5p1P/4n3/4Q3/4P3/1r4P1/1P6/3q2K1 w - - 0 46,#-29,g1g2
6k1/p1P1Rb1p/8/8/1P3np1/8/P7/2RK4 b - - 0 48,#+17,g8f8
2k5/p1p2N1p/1pp3p1/8/5P1P/1P1r2P1/PK6/4q3 b - - 0 25,#-4,d3d2
8/7p/5kp1/p7/4Q3/1P6/5PKP/8 b - - 0 44,#+18,g6g5
8/R7/1p1rp1kp/2p3p1/8/2r2p2/P4K2/8 b - - 1 40,#-6,d6d2
1q6/p3Q1k1/6pp/8/2P2P2/6P1/1P5P/1K2R3 b - - 1 31,#+4,g7g8
r7/2pk3p/2pp2p1/8/K4P2/R7/r5P1/8 w - - 4 33,#-5,a4b4
2k2R1q/pp6/1bp1N3/8/3pQBP1/P7/1PP3K1/8 b - - 5 39,#+3,h8f8
1kr2r2/p7/1pQ5/2P5/5P2/1P6/PB1q4/K1R5 w - - 1 30,#+4,b2e5
8/p5pk/1p5p/4p3/P4npK/8/6q1/8 w - - 1 32,#-1,a4a5
8/p6p/7K/1P1k4/P1p1r3/2Pb1p2/7P/8 b - - 2 38,#-8,f3f2
r1k5/1pp1B3/p1q3p1/P4p1p/4pP2/Q1P3P1/2KRP2P/1R5B b q - 0 19,#+14,c6e8
3k4/p4Q2/1p1p4/2pP4/P1B1P1R1/1P6/7P/2R3K1 b - - 2 37,#+1,b6b5
8/6R1/pkp5/7p/P6P/5PB1/1P4P1/2KR4 b - - 0 41,#+4,b6a5
8/6p1/8/P5k1/2R2pp1/1P6/5PPP/6K1 w - - 0 30,#+21,a5a6
1b4k1/6pp/5p2/1p3P2/1Pq1P1PP/2PrKn2/2N5/B7 w - - 2 33,#-2,e3f2
6k1/5pp1/1p6/1P5p/2rn4/K7/8/4b3 b - - 15 56,#-5,c4c5
r1kq4/pp4p1/6p1/4pp2/2P5/1P4P1/P6r/R2KQ3 w q - 0 23,#-6,d1c1
1bbr1rk1/ppq2p1p/1n4n1/2pp1N1N/5P2/1PP2R2/P3P1PP/1BBRQ1K1 w - - 0 15,#+6,h5f6
8/pp4k1/3p2p1/5p1p/3p4/5K2/PP5r/8 w - - 2 36,#-20,f3g3
8/7R/1pr1p3/4np2/Pk6/1P6/1K3PPP/8 b - - 0 33,#-5,e5d3
1r3rk1/5ppp/7q/1P1QpP2/3p4/5PbP/6P1/1R5K b - - 2 27,#-17,f8c8
8/p6p/4k1p1/1p3p2/2n2P2/3K2P1/1q5P/6B1 w - - 0 29,#-6,g1e3
8/1p1k3p/p1p5/4R3/3P4/2P2P2/PP5P/5K2 w - - 2 36,#+28,f3f4
1n6/6pp/3k1p2/4p3/4P3/6P1/P6P/1RK5 w Q - 0 38,#+40,b1b8
k3r3/p1p4p/1p4pn/P4p2/1PP5/3qNKP1/5P1P/1R3R2 b - - 0 22,#-34,d3e4
7r/7p/8/6p1/3pkpP1/8/P6P/5K2 w - - 2 42,#-17,f1e2
2r3rk/pq6/1p2n3/2p4p/2Pp1P1P/3PppP1/P1B4K/B3RQ2 b - - 5 31,#-23,g8g3
8/5pk1/3PP1p1/4P3/5b2/1PB4P/7K/8 w - - 1 54,#+44,h2g2
2k5/2b5/1p4R1/3R4/3N4/4P3/PPBP3r/2K5 w - - 17 46,#+21,b2b4
8/kp6/p2Q4/5p2/1K1P2p1/1P1qPpP1/8/4n3 b - - 11 53,#-2,e1c2
8/5r2/1pppkP2/4R3/3P4/3K4/P7/8 b - - 4 50,#-45,d6e5
3k2b1/p5pp/1p3p2/1p1p4/8/3R2P1/q2Rr2P/3K4 b - - 3 32,#-19,e2d2
3R4/8/8/2k1B2p/5P2/7P/6P1/6K1 b - - 0 35,#+12,c5b6
r4rk1/p3p2p/1p1p2p1/b1pP1p2/8/1P1K2P1/5n2/8 w - - 0 34,#-23,d3e2
6k1/2n5/1b6/p2pp3/P1b1p3/1P4PK/8/1QN1N1q1 b - - 0 33,#-13,g1h1
b2rr1k1/p2p1p1p/1p4p1/3P4/1Pq3P1/4nB2/P1P1N2P/1Q2K1R1 b - - 3 17,#-29,e3c2
4N3/p5R1/7p/4P2k/8/r5PK/5P2/8 b - - 0 42,#+2,a3f3
5r1b/1k1p3p/8/2Q3P1/1pNp4/pP4P1/P5qP/3KR3 w - - 6 42,#+25,c5b4
r5k1/1pp5/1p1pb1p1/5p2/q3PP2/2PP4/6N1/2KR1B1R b - - 0 29,#-7,a4a1
2k1r3/2n4p/2NQ4/6p1/2P2p2/1P3P2/P3q1PP/5K2 w - - 10 32,#-1,f1g1
1k6/8/2K4R/PP2Pp2/5P2/8/8/8 w - - 3 55,#+3,h6h8
8/4k3/PBR5/2N1p3/4P3/2b5/8/3K4 w - - 3 44,#+8,a6a7
B7/p4p1R/8/3Qpkp1/6n1/4B3/P1P2PPP/N3K1NR w K - 1 16,#+2,d5d7
8/2k1Qp1p/p2R4/4P3/1p1nN3/qP6/P1P2PPP/1KR5 b - - 4 25,#+1,c7c8
8/1p6/3pRp2/2kN1P2/6P1/1P2P3/2P4P/1KNR4 w K - 3 28,#+9,d5f6
n7/pp2k3/3P2B1/8/3P3p/1PP3bQ/1P1R2P1/5RK1 b - - 0 23,#+7,e7d6
8/p1p5/3k4/2q1p3/4B3/1pr1NR1R/P3Q1K1/8 w - - 0 39,#+6,f3f6
1Q1R4/p2k1r2/1ppq4/3pn3/4p1b1/1P2P1P1/P1PP2B1/1RK5 b Q - 11 27,#+16,d7e6
qb3rk1/1n3n1p/1pp3p1/p2pPN2/2PP3B/1P3P2/P5PP/Q1R2RK1 w - - 0 19,#+15,f5e7
7k/1p2b3/p2p4/P2Pp3/4np2/2B5/1P2Nq2/4K3 w - - 2 39,#-14,e1d1
8/p2k3p/3b2p1/1p6/nP4P1/P6r/2K5/8 b - - 2 43,#-16,h3a3
8/3k4/3P1ppp/p7/1p6/1P6/P1P3PP/2KR4 w - - 0 31,#+30,c2c4
2r5/kp4pp/1p1Qppb1/b2p4/5PB1/2q1P2P/6P1/6K1 w - - 11 34,#-13,g1h2
8/pp5k/6p1/5Q2/3P2p1/1P3bP1/P3rP1P/5RK1 w - - 0 32,#+20,f5f7
8/ppkrQ3/2p5/3p4/8/KP3n2/P1P5/8 b - - 0 30,#-35,d7e7
3k4/p3p3/1p1b2p1/6K1/6PP/8/4qP2/8 b - - 0 28,#-7,e2f2
8/5K2/1p2P3/p5p1/P1k3P1/8/8/8 w - - 0 48,#+26,e6e7
8/8/5p2/pppk1p1p/4nP2/1P1K4/P7/8 b - - 7 43,#-26,h5h4
rb1qr3/ppp2kpQ/2b3B1/3N4/1BP4P/6P1/PP4K1/R1N5 b - - 4 20,#+6,f7e6
5q2/1Q1k4/1p1p2p1/1p4P1/5P1r/rB1P4/6P1/1R2R1K1 b - - 3 28,#+4,d7d8
8/8/6k1/pBR3p1/P6p/8/5PPP/6K1 w - - 1 29,#+18,g1f1
3r1r1k/6p1/6bp/8/4p3/6P1/PP2B2P/RKR5 b Q - 4 34,#-3,e4e3
4q3/4P3/1p2K3/p1p5/P1P1k3/1P6/8/8 b - - 20 59,#-24,e4d4
3k4/2p4p/6p1/q4p2/7P/8/8/3K4 b - - 0 29,#-13,a5c3
2k5/6p1/1p2p3/p2b4/5P2/q2B4/3P3r/K1NR4 w - - 4 38,#-11,a1b1
n3k3/pp6/P7/2K2b2/7p/8/1P2P2b/8 b - - 0 25,#-23,b7a6
6k1/p7/1p5p/2p3p1/2P2pKP/1P4r1/Pq6/1B3R2 w - - 0 34,#-16,g4f5
5k2/pp3r2/2p5/5RQ1/4PP2/q1P5/P1BK4/8 w - - 4 36,#+4,g5d8
8/3pp1p1/6p1/4k3/3b2K1/6P1/5q2/8 w - - 6 42,#-4,g4h3
8/3N3p/3k1p2/3Pb3/3NP3/2K5/7P/8 w - - 3 51,#+41,d7e5
8/8/8/2p5/2Pp1k2/1P1P4/1K1q4/8 w - - 0 49,#-17,b2a3
7k/1P6/K1qp2p1/4b3/8/8/8/6r1 w - - 0 48,#-2,a6a7
8/7p/p4p2/Pp3P2/3b3k/8/3K1p1B/6q1 w - - 0 48,#-8,h2g1
1k2r3/p1b4p/1pp3b1/3p4/6P1/2P2Q2/PP5P/K2B2q1 b - - 1 40,#-10,g6c2
8/3R4/7P/1pp5/3k4/1P1P4/P1K5/8 b - - 1 39,#+15,d4e3
5rk1/1R5p/p2p2p1/P1b5/4P1bq/3B4/3PN1PP/3K4 w - - 1 25,#-26,b7b3
3k4/8/8/P7/1Pp1P3/8/PK3B1r/5R2 w - - 1 36,#+43,b2c3
6k1/p5pp/1p3p2/8/6KP/3r2P1/2q1N3/8 b - - 6 43,#-4,c2e2
4q2r/4n1pp/1QN5/8/B3p1k1/6P1/PP5P/1K1R4 b - - 0 28,#+27,e7c6
3k4/p1npp2p/2p3p1/8/1r3rPP/3p4/q2KPP2/5R1B w - - 2 24,#-1,d2d3
8/kr6/5q2/2p5/p7/P1P1Q3/2NKR3/4R3 w - - 0 35,#+32,e3c5
8/p7/5Pkp/6P1/5KP1/8/P7/8 w - - 0 50,#+33,f4e5
3r4/p1q3kp/1p4p1/2p1p3/P1Pp4/3PnrP1/PB5P/1Q2R2K w - - 0 22,#-18,e1e3
nb2qrkr/pb1p1p1p/1p3np1/5N2/3NPP2/8/PP4PP/1BBQRRK1 w kq - 0 13,#+25,f5h6
8/7k/3p3P/1p6/2p5/3n4/3P4/1K6 w - - 1 47,#-24,b1c2
3r4/P1n1pq1p/k5n1/3pP1p1/2PBQ3/1PN3P1/P7/3RK3 w Q d6 0 21,#+26,e5d6
2k2r2/pb5p/1p1p2q1/2pPP3/P2n4/3N4/1P5P/1K1R3B w - - 1 26,#-22,b2b4
3k2n1/p3p3/1p6/4P2r/8/6R1/3qBK1P/8 b - - 3 33,#-13,h5h2
8/kp6/p5QP/8/3n4/4b1P1/5r2/4K3 b - - 2 44,#-36,d4f3
7k/p5rp/1p3Q2/2b1p1r1/4Bq2/8/PP1R2PP/2BR3K w - - 0 29,#+2,d2d8
8/p2R2kp/2p2p2/5P2/2P5/2B2P2/P5PK/1r6 b - - 4 36,#+45,g7f8
1n1b4/p2k1p1p/1p6/3Q4/8/1P3PP1/P2pK2P/3B1R1N b - - 0 17,#+32,d7c7
1r6/1k2p1pp/pp2P1n1/4bp2/3K4/8/8/2R5 w - - 3 38,#-46,d4d3
8/8/5k2/4N2P/5P2/r2B2RK/8/8 b - - 0 50,#+45,a3a1
8/8/3P1Q2/8/1k1p4/8/3P1KPP/8 w - - 1 49,#+6,d6d7
8/4k3/4b1p1/5p1p/3bpP1P/6P1/6K1/8 w - - 0 40,#-12,g3g4
3r1rk1/pp4pp/2p5/8/3Pn2P/2P1Pp1q/PP5R/1K3RB1 b - - 2 31,#-11,h3f1
8/1k6/R2PKP1r/1P2P3/8/1P6/3P4/8 w - - 1 38,#+22,d6d7
2kr4/p1pprp1p/1p4p1/8/2PR4/1PK1P1P1/P6q/3R4 b - - 1 22,#-19,e7e3
8/P1R5/1R6/8/8/1P4P1/1k3PKP/3r3B b - - 0 44,#+14,d1a1
8/8/8/3p3p/PP1K2k1/8/4p3/4B3 b - - 3 49,#+47,h5h4
8/2b1k3/8/p1P2Q2/3N1p2/P7/1P6/2K5 b - - 4 39,#+20,e7e8
2r5/3n2k1/2p5/2Pp2n1/3P1PQ1/8/6P1/B1q2K2 w - - 3 35,#-22,f1f2
3r4/p3Rkpp/1p6/1q1rQp2/1P6/5P2/P2R2PP/6K1 b - - 1 35,#+3,f7g6
kr3rq1/5p1p/p2p2p1/P2B4/3Q1P2/1R2P3/1Pb4P/K1B2R2 b - - 1 25,#+5,b8b7
2kr1r2/q4bp1/2p3B1/1pN1Q3/1P5P/2P2P2/3P2P1/5RK1 w - - 2 29,#+17,g6f5
2k1r3/p1pp4/4r2p/4PK2/8/1P6/P5BP/1n6 b - - 4 32,#-39,e6e5
1r2krq1/p5pp/2p2p2/5P2/1p3bP1/1P1K3P/P7/NR4nn b q - 6 28,#-2,g8d5
1b6/5kp1/Q2p1p1q/1p2pPpP/6P1/2PP4/PKB2P2/3RR3 b - - 0 21,#+17,d6d5
1q2rrk1/pp3pp1/2pQ3p/8/1P6/2P2NPK/P1n4P/7R b - - 1 24,#-12,b8d6
8/3R3p/1P3p2/4r3/1p2k1K1/6P1/8/4q3 w - - 2 44,#-4,d7d4
b2qr2k/p2pp2p/1p1n1prR/2p5/2P1P1Q1/1P1P4/P4PP1/BB2R1K1 w Q - 0 15,#+2,g4g6
1k3n2/ppp4p/2p3b1/2P2pPp/1P2pP2/4P2K/P7/8 b - - 0 27,#-34,a7a5
1k4r1/7p/p1p5/1p1bPpp1/1P6/P1B1R1PK/7P/7r w - - 0 33,#-19,g3g4
4k3/8/2BQ2pp/2P2p2/1K6/8/6PP/8 b - - 0 47,#+5,e8f7
bnrk4/pppp3Q/5p2/4pB2/4Pb2/1P6/P1PPKP1P/BNq5 w - - 1 14,#+21,h7h8
1r6/R2r1p1k/2bp1Ppp/4p3/1pp1q3/6PP/1P2P2K/Q5R1 b - - 7 36,#-2,e4e2
8/8/P7/4Q2p/5ppk/3P4/1PP4P/2K5 w - - 1 42,#+2,e5f4
8/3k4/8/pPp4P/P3KP1P/1P2N3/8/8 b - - 0 45,#+18,c5c4
3r2k1/p6p/1p2n1p1/2p1qpP1/8/P1N4N/1P5K/8 w - - 0 33,#-8,h2g2
3r2k1/3q2pp/1p3pn1/4p3/P1P1P3/1N2nPK1/6PP/2R5 b - - 0 33,#-10,g6f4
2rk1r1b/1ppbpp1p/6p1/8/3PP3/6P1/P1PK1P1P/6q1 w kq - 0 16,#-15,d2e2
4r1k1/8/pp1q2pQ/2pN3p/3nP2P/1P3rP1/P5K1/7R b - - 1 25,#-1,d6g3
1rbbkB2/1p6/3p1p2/p1p1p3/P3P3/1P1r4/KnN5/4q3 b q - 1 24,#-10,e1f2
2q3k1/8/p2p2p1/Q2P1bPp/P3p3/3p2P1/6BK/8 b - - 0 45,#-35,e4e3
r7/1p1b1k2/2p2Qp1/P5Pp/8/3P4/2P1PP2/R1KR3B b KQ - 1 30,#+25,f7e8
8/P2r1kq1/3pp3/1Qp5/8/1N1P4/1PKR4/8 w - - 1 39,#+10,b5d7
5rk1/5ppp/2b1p3/3p4/pPn2P2/P1q3PP/Q3P3/1K1R1B2 w - - 0 25,#-29,d1c1
8/p7/5p2/5P1p/p1K5/P5k1/1P6/8 w - - 0 36,#-44,c4b5
r3rk2/2pq2pp/3p4/2pQ4/2P1R3/1P3P2/6PP/4R1K1 w - - 5 30,#+2,e4f4
8/8/k2p1P2/3Pp1P1/4P1KB/8/R7/2r5 b - - 3 56,#+50,a6b5
3n4/2Q1b3/1N2p1k1/1P1pPp2/3P1Pp1/6P1/2PK4/7B b - - 2 37,#+23,e7b4
nr1k3r/ppppn1pp/8/5PQ1/2bPp3/b2NP2P/2q1KP2/4BB1R w kq - 0 13,#-3,e1d2
3k4/3pp1p1/1p4p1/p1r5/7r/1Kp5/Pn6/8 w - - 0 33,#-5,a2a3
1r4k1/p3pp2/7p/1n6/1P2b2P/3p2Q1/3P1KP1/B4R2 b - - 1 31,#+2,e4g6
6k1/4KRn1/6P1/4p3/4Pb2/8/8/8 w - - 11 70,#+1,f7f8
8/3p2kp/4q1n1/4Q1Q1/3P4/4P3/3K3P/6B1 b - - 9 38,#+31,g7f7
8/2Q5/pP2k3/8/5r2/1P3P2/P6P/B2nN1K1 w - - 3 32,#+8,c7f4
8/3k4/8/1p5R/1Pp1p2P/2P3PK/1P1PP3/8 b - - 0 38,#+13,d7e8
8/5k2/8/3R4/3N1P2/3N2P1/1b3P1P/6K1 b - - 0 51,#+26,b2a3
nBbk1q2/p3pp1p/1pB5/5p2/3b4/4N3/PPP4P/2KR2Q1 b - - 1 15,#+27,c8a6
q2rr3/ppb2k1p/4n1p1/3B1b2/8/1PQ5/PB3PPP/R4RK1 w - - 1 20,#+1,c3g7
5k2/8/2pp2rB/5p1p/4pP2/4P1PK/1r6/8 b - - 1 41,#-7,g6h6
5k2/p5p1/5rq1/1pPQ4/5b2/P1P2N1P/1P3PP1/4R1K1 w - - 3 27,#+2,d5d8
8/ppp1kp2/1n6/3n3b/7K/1P1P4/2Pb2PP/7q b - - 1 29,#-1,h1h2
8/p7/1pp3k1/4B3/5P1P/2P2K2/PP6/8 w - - 1 43,#+30,f3e4
3r1k2/p1p2q1p/6p1/2P3Q1/1P3p2/1P2RP2/P5PP/B4RK1 b - - 0 28,#+15,d8a8
R2rr1b1/1ppk1R1p/1p1p3b/8/8/1qPP2P1/1P1Q3P/2K3BB b - - 0 20,#-19,g8f7
8/p1pkR2p/1p4p1/3P2P1/8/1PK1Q3/P5qP/8 b - - 1 30,#+7,d7c8
8/bkp5/6p1/1P6/4NB2/q3nP2/2Q1KNPP/8 w - - 2 33,#+3,c2c7
6k1/b4ppp/4p3/r2p4/4nK2/8/7P/8 b - - 1 32,#-6,h7h5
8/2kp4/2p5/2n5/4P1P1/4QPp1/5r2/1K5R w - - 0 36,#+31,e3c5
8/7p/1Q6/8/p1P3P1/k5K1/7P/8 w - - 0 47,#+10,c4c5
2k4r/3b2p1/3P1p2/2P4p/p2N3P/PPQ3B1/N3R1P1/K3R3 b - - 0 32,#+11,d7f5
8/6Pp/p2k1K2/1p6/n7/P7/b7/7q w - - 0 48,#-7,g7g8q
8/R5pk/5p2/1P2p3/P2pP2p/2q5/P7/1K6 b - - 2 37,#-13,d4d3
8/8/5Kp1/3p1p1b/2pB3P/pk6/8/8 b - - 1 53,#-50,c4c3
1b6/p6p/1kP5/R5K1/1Pp5/P1r2r1P/8/8 b - - 2 46,#-31,f3h3
8/2k4p/6p1/N4p2/1n3P2/4r3/3r3P/2K1R3 b - - 3 28,#-2,d2c2
8/1p4Qp/2p3p1/1k6/1p6/6P1/PP3P1P/6K1 w - - 2 39,#+53,g7b7
5rk1/p2prn2/1np3Bp/1p2P1pN/1P1P2Q1/2P5/1P5P/2R2RK1 b - - 0 22,#+25,b6d5
8/1R5p/8/4K3/p7/3k2P1/1P5P/8 w - - 0 44,#+25,b7h7
3q3r/r2k1ppp/1N1Pb3/1p2B1b1/pK6/8/PP4PP/R2QR3 b - - 3 24,#-18,d8b6
8/6kp/8/5P2/1p1K4/p6P/B4P2/8 b - - 1 47,#+37,g7f6
8/4bbkp/3Q2p1/3P4/5P2/P5P1/7P/6K1 w - - 0 36,#+13,d6e7
qr2r1k1/pb1p1pBp/3p2p1/2pP4/5P2/1P2N1P1/7P/QR2R1KB w - - 1 21,#+4,a1f6
bb2rrk1/pp4pp/8/2p5/2P1P3/1P1P1p2/P4q2/1B4QK b - - 1 24,#-2,f2h4
2k5/p1p3p1/p2p4/4p3/5rr1/8/4K3/8 w - - 2 47,#-11,e2d3
2k5/3R1p2/1p1N3b/2p1pP2/B3P1P1/2P1P3/PP3n1r/2K5 b - - 8 32,#+28,c8b8
4r3/p1b2k2/1pp2B1Q/3pPr2/3P4/2P5/PP5P/2K3R1 w - - 3 31,#+2,h6g6
1b6/8/P3k1p1/4p3/1N2Ppb1/3K4/8/8 b - - 1 45,#-41,f4f3
1k6/1pp4p/1p6/3q4/P7/1P6/1K4p1/8 w - - 0 41,#-4,b3b4
r5k1/p1bbp3/K2p2pp/2p5/2Pq2PP/3Pn3/PP6/RB2R3 b - - 0 24,#-2,d4b2
r7/1bp5/1p1p2k1/3PpN1p/pb2P2P/1P1P3B/P4RPK/5R2 b - - 3 31,#+26,a8e8
8/8/5p2/3p1P1p/4k1rP/7K/8/8 w - - 6 44,#-5,h3h2
1b1rqkb1/4pppr/8/8/1p1BP3/1Nn2P2/P2n2PP/4K2R b q - 4 16,#-8,e8b5
1r4k1/q1p3pp/2n1p3/p2p4/8/2P3P1/2P1Q1P1/7K b - - 1 23,#-14,b8b1
8/7p/4kpp1/8/3p3P/1P1P1B2/P4PKb/B7 w - - 3 33,#+36,g2h2
7Q/1p1bk3/4pRp1/3pP3/3q4/1P6/1KP4P/8 w - - 3 35,#+17,c2c3
8/p7/1p1p1Rkp/3P2P1/2P1p2P/P7/1P6/6K1 b - - 1 42,#+25,g6g7
rk4r1/pp3p1p/2bbpq2/7N/8/1Q2B3/PP4PP/3R2K1 b - - 1 27,#-4,g8g2
2B2rk1/3p2p1/Qp2p2p/2p4b/2P5/3P3R/1P2Nq2/2R4K b - - 0 24,#-9,h5f3
1k1r4/p4pbp/1p6/5B2/6P1/1P6/P1P1K3/3q4 w - - 5 29,#-6,e2e3
8/8/8/2QP4/5B2/1k2P3/5PK1/r7 b - - 0 44,#+30,a1a2
3k2qr/R3p3/2Qp4/6pP/2Pp2P1/1r1b4/1K3N2/5R2 w - - 0 29,#+6,b2a1
4r3/1p2k1pp/4P3/5P2/1p1p1K2/3P2P1/8/8 b - - 4 36,#-30,b4b3
rknq4/1p5p/2p5/p4p2/3b4/2P5/PP4BP/RK2N3 b Qq - 0 19,#-21,d4c3
1k1Q4/pp5p/2r5/5p2/P3pP2/1R5P/KP1q4/8 b - - 0 36,#-15,d2d8
2R5/3b1k1p/p7/b3p1K1/5p2/P4P2/1P6/8 b - - 2 38,#-18,d7c8
2b4k/p6p/2p2K2/4p3/2P4P/PP6/8/8 b - - 0 53,#-32,e5e4
2k5/1p4bp/1p4p1/8/8/3RK3/q6P/8 b - - 1 39,#-27,a2h2
1r1krqb1/4p2p/2Q3p1/3p1p2/N4P2/6P1/1PPPP2P/2RKR2B w KQ - 1 19,#+2,a4c5
6rk/pp3R1p/2p5/2Pp4/PP1Pp1b1/7q/2B5/5RK1 b - - 6 29,#-3,g4h5
k2qr3/p6p/1n1p4/N1p2p2/2P1b3/1P1RP1P1/P1K4P/6B1 b - - 2 24,#-16,d8f6
2kr2q1/pbpp2pp/1pnn4/3p4/8/1PbPPPPP/P1P5/2KR1BR1 b - - 0 14,#-24,g8e8
8/1ppk4/3p1PK1/8/r7/1b6/8/8 w - - 0 41,#-20,f6f7
3r2k1/p5p1/1b2p3/2n1Pp2/P1Pp1P2/6P1/3K2P1/2R5 b - - 4 31,#-15,d4d3
6k1/6pp/4Kp2/4p3/3q4/r4P2/4P1PP/8 w - - 0 41,#-3,e6f5
8/pp4p1/2p1k3/2P1p3/1P1n4/7P/r7/3R3K w - - 1 38,#-28,d1d3
8/p7/Pk3p2/1Pp1pPp1/2npP1Pp/3K3P/8/8 b - - 1 54,#-18,c4e3
1br2r2/p1p2Bp1/b2p3k/4pQ1p/4P2P/2R1P1P1/1P3R2/6K1 b - - 0 28,#+3,f8f7
br2n1nq/p1p1b1pp/1p1rQp2/1P1p2P1/k6P/2B5/P1PPPPB1/1RKRN1N1 w KQ - 3 11,#+6,e6g4
q2r2k1/pb3n2/1p2Q2p/4b1p1/2P5/1P4P1/P4N1P/1BB1NRK1 w - - 1 16,#+23,f2g4
1br2rk1/pp3ppp/5n2/3pp2P/8/1NPP1PP1/q1K2B2/3R1QNR w - - 0 17,#-1,c2c1
3r1k2/3r2pp/2p1p1n1/1pN2p2/pPPPn3/P2R1P1P/4K1P1/2BR2Nq b - - 0 31,#-2,h1g2
2r3k1/p1p1b1pp/1p1p4/4p3/8/1P1P1r1q/P1P2P1K/B1R1QR2 w - - 0 16,#-2,h2g1
2k5/1pp3pp/p4pq1/4p3/8/1PP2P2/2Pr1KPP/7R w - - 1 22,#-2,f2e1
8/3Q4/1k2P3/ppp2K2/P1P5/8/8/8 w - - 4 58,#+4,d7b5
q2k1r1b/p2p1p1p/5Pp1/2p3B1/3pP3/1Q4P1/P1P2P1P/1R2R1K1 b - - 1 19,#+31,h7h6
2r2rk1/p3bppp/2b1p3/1p1p3P/3P1PP1/1NP1P3/q1K1NB2/3R3R w - - 0 21,#-8,c2d3
5r2/k4p1p/N1RNpbp1/3p3n/3P4/5PP1/4r2P/B1R4K b - - 2 27,#+13,f6d8
8/b7/1pk3p1/1P1p2B1/5P2/3BP3/5KP1/7R b - - 0 42,#+16,c6d7
7b/3k1r1P/p1pPb1Q1/Pp2P3/1P2Pp2/8/6BN/6K1 w - - 3 40,#+18,g2h3
2r2k2/p4p1r/1p3R1p/1Q2P1p1/6P1/1P3P2/P3PKP1/8 w - - 3 35,#+10,b5d7
4nk2/p3pr1p/3p4/2pNP1Q1/3n2Pp/5P2/Pr4BK/8 b - - 4 26,#-18,d4f3
8/k7/2K5/pQ4Pp/P2P3P/3N4/8/8 b - - 4 65,#+1,a7a8
3R2k1/5r2/8/4Q2p/5pp1/PP4Pq/7P/7K b - - 1 37,#+4,g8h7
1b4k1/p7/1p2P1p1/8/3Bp3/1P3rq1/P2P2K1/4R3 w - - 0 26,#-1,g2h1
2r2br1/p1p1kpp1/1pQ1p2q/4N2p/3P3P/2P3P1/PP3P2/B1RK2R1 w KQ - 1 14,#+2,c6d7
8/p2p2p1/5n1p/2b2P2/k1p2K2/2P5/8/8 b - - 7 46,#-17,a4b3
8/8/8/p1p5/PpKpP2k/3P1r2/1PP2P2/6Q1 b - - 4 41,#+39,f3f7
8/p7/P7/8/2ppk3/5pp1/8/4K3 b - - 1 53,#-9,c4c3
5k2/p3R3/1p4q1/8/2P3p1/3P2Qr/P4P2/3R2K1 w - - 3 44,#+8,g3c7
4rr2/3Pk1q1/1Q6/3p3p/6p1/1N3P2/1P4PP/2R2RK1 b - - 0 30,#+14,e7f7
1r2kn1r/p4p2/3p4/1bp1p2p/8/4P3/P2KNq2/BR6 w kq - 0 26,#-13,b1b5
3B1k2/q1p3b1/3p4/p3pQ2/4Nn2/1PPNPP2/P2P1K2/R5R1 b - - 0 32,#+5,f8g8
8/6Qp/1p1kpN2/8/p2P4/2PK1P2/PP5q/8 w - - 2 34,#+1,g7d7
2bbrrk1/Q1p2p2/3p3q/2P1p3/3PP1p1/1P4Pn/P4P2/NNB1RRK1 w - - 3 18,#-14,g1g2
8/R2k4/4p3/2KpBp2/3P1Pp1/6P1/7n/5n2 b - - 1 47,#+27,d7d8
1r1b4/k1q2p2/2P5/p2BP2R/Q7/P7/1PR5/1K6 w - - 1 33,#+24,h5h7
2kr4/pp3p2/3Pb2p/3p1p2/2nQ3P/2P3q1/PP1R4/3K3R w - - 0 28,#+4,d4c5
8/2Pk4/6p1/1K1pP1P1/2n2P2/8/4N3/8 w - - 1 61,#+39,e2c3
8/8/6k1/1K3p1p/3B4/8/2r4P/7q b - - 5 51,#-5,h1b1
3r1n2/p4pk1/1pb1p2p/2p4Q/1q2pP2/1P2P1P1/P1PP2P1/1K1R3R w - - 0 19,#+2,h5h6
8/8/5k2/p1K3p1/2P3Pp/1P5P/P7/8 w - - 1 65,#+20,c5d6
8/8/6R1/1p2p3/4k3/1P4p1/P7/BK6 b - - 1 44,#+33,e4f4
rb1nQ3/pp3nk1/8/3q2p1/1B1N4/2P2P1b/PPB2K1p/R7 w - - 4 24,#+4,e8f8
2kr1rbq/pppp3p/4pp2/6pB/4N3/3N1PP1/PPP4P/1K1R1RQ1 w - - 0 13,#+8,g1a7
3k4/p1r1n2p/1p1R2p1/2p2pQ1/2B5/1P6/q4PPP/4R1K1 b - - 0 24,#+23,d8c8
8/p7/4kp2/4n1p1/2p5/8/5K2/q6q w - - 0 64,#-2,f2e3
b4rk1/7p/2n2qp1/2n1p3/1B2P1P1/1P1P2Q1/K2RNrB1/8 b - - 0 30,#-17,c6b4
8/p3kpp1/4nrn1/8/4B2P/1P4N1/1P2QPP1/3R2K1 w - - 3 35,#+15,e2a6
5r2/2p1Q2p/qnp3pk/p7/P2B4/2PP2P1/2K4P/4R3 b - - 0 22,#+8,f8f2
1rk2r2/p1pp2pp/5p2/3bpN2/1q6/Kp6/5PPP/1R3RQ1 w kq - 2 24,#-2,a3b2
8/4pK2/3k4/2pr4/7P/6P1/4r1b1/8 b - - 1 49,#-9,g2e4
6Q1/p3r1p1/1p2kp2/8/2PrP3/3P3P/6P1/3R1RK1 b - - 3 28,#+50,e6d6
8/1B6/3k4/2p5/2P5/4qPpp/6b1/3K4 b - - 3 42,#-7,e3d3
2k5/1pp5/p7/8/2KP4/P1P3r1/1P1N4/3q4 b - - 4 50,#-9,d1a4
rk3B2/2p5/3p2p1/pQ3p2/8/2K3Pb/PP6/4R3 b q - 1 26,#+6,b8a7
5Q2/1kq1R1p1/7p/8/8/4P3/PPP3P1/2KN4 w - - 3 35,#+19,f8g7
8/7p/6p1/4QRk1/4p3/3p3P/5PP1/6KB b - - 0 43,#+9,g6f5
4kR2/4r2r/8/3p4/8/P2Q4/1P6/1K3R2 b - - 2 42,#+4,e8d7
8/p7/4p3/4k3/2n2pp1/8/6P1/6K1 b - - 1 45,#-18,g4g3
2k3b1/1ppn1r1p/5bp1/pPN1p3/8/P3B2Q/2PPP2P/2K2R2 b - - 1 23,#+24,b7b6
1brkn2r/p1p1p2p/6n1/2P5/2bPP1p1/8/P1PQKP1P/1BR3q1 w kq - 2 14,#-17,e2e3
B5b1/p1kr1p2/4p1p1/P1P5/1q3p2/8/P1P4P/KR4BQ b - - 4 22,#-2,b4c3
8/p7/1p3p2/8/P2pp3/1Pn1k3/2K5/8 w - - 6 46,#-30,b3b4
4k3/8/3K1B2/8/pP2Pn2/P7/8/8 w - - 1 48,#+47,b4b5
3Q4/pk1p3p/1p1Pp1p1/1P6/1P2P3/8/4r2P/1R5K w - - 3 38,#+2,d8c7
8/8/p2p2QP/5B2/b1k1P3/8/3K4/8 w - - 0 45,#+13,g6d6
2QN3k/p4ppp/1q2n3/3p4/1P6/3b1BN1/PP3PPP/4R1K1 b - - 0 23,#+10,h7h6
3rk3/1p2bb1p/1p3Q2/4p3/7P/1r1p4/8/2K5 w - - 2 32,#-16,f6h8
n3q1k1/8/6pR/ppN1PPQ1/2b1P3/8/1r5P/4K3 b - - 0 35,#+24,b2e2
2k1n3/4p2p/1pp5/p4p2/3r4/1P3PN1/P1P3KP/4q2B w - - 0 20,#-13,g3f1
3Rbr2/ppp2p1p/6k1/5N2/4P2P/1PB2BP1/P1N5/6K1 w - - 1 24,#+5,h4h5
2r2b1r/pp1R4/4p1k1/5pPp/5Q2/1N6/PPP4P/2K1R3 w - - 2 27,#+1,e1e6
5r2/6kp/q2p2p1/p1p1r2n/P3P2K/1PQ5/7P/2R2R1B b - - 7 32,#-20,f8f1
1bq3kr/pp4p1/2p2pp1/8/6N1/5P2/PP2nBPP/2Q2R1K b k - 1 17,#-12,c8g4
1kn5/1bp5/1p5p/1P4p1/5p2/4p2P/4R1P1/r4NK1 b - - 0 31,#-22,b7d5
4r3/p2p1k2/5Np1/5p2/1K6/8/PPP4P/5Q2 w - - 2 29,#+23,f6e8
r7/p2k3p/Ppp3p1/3PQp1q/5P2/1P4P1/5p1P/5RK1 w - - 0 34,#+44,g1g2
3k2r1/p7/3p1p2/1B2p3/5PN1/1P4K1/P7/2R4R b - - 0 31,#+19,a7a6
k2n4/3R4/P1p1pp1P/2Pp1p2/1K1P4/4P1P1/3NBP2/8 w - - 1 47,#+6,d7d8
8/p7/1p4k1/4Rp2/P1PP1P1p/5K1P/6P1/1R6 b - - 1 29,#+12,b6b5
7k/1p3p1p/8/1P6/P7/1K6/6rP/8 b - - 0 46,#-36,f7f5
2r4k/1bb3pp/1p6/1Np5/1pB1r3/1P5P/4QPP1/B1R2RK1 w - - 0 21,#+28,e2d2
8/5k1p/2K3nP/2P2pB1/5P2/1p6/8/8 w - - 0 67,#-39,g5d8
4Q3/p5R1/1pp1Q3/8/4p3/2P1k3/PP6/2K4r w - - 3 32,#+9,c1c2
b1r3k1/p3p1pp/1p1b4/2pp1RPP/6N1/1PP4Q/P2P4/2R3K1 b - - 0 20,#+20,c8e8
r1q2rk1/1n2pppp/2b5/ppp2P2/4N1P1/2PPQ3/PPB3P1/2KR3R w - - 3 17,#+7,h1h7
4rk2/p1n4R/1p3Q1p/2n1Ppp1/8/2P1B1P1/PP5P/N4RK1 b - - 2 24,#+1,f8g8
3rr1k1/pp3pp1/5n1p/2p1bP1q/4P3/P2P3P/BPP3Q1/1K1RN1R1 b - - 4 21,#-1,h5d1
5rk1/1pp1pp1p/4b1p1/8/4P2P/3q2P1/3rNRK1/7B w - - 1 30,#-11,g2g1
q7/P1r5/1kp3p1/1bQp4/3P2Pp/2P5/1P1B1R1P/R5KB b - - 2 35,#+16,b6b7
k7/5p2/7p/p3p1pP/1r3pP1/2K2P2/8/1r6 b - - 1 46,#-13,f7f6
3R3k/p3R1p1/1p5p/1n3P2/3P2PP/P1B5/KPr5/2b5 b - - 11 43,#+6,h8h7
b1rq1r2/ppp1k3/2n3pQ/3pPpN1/3P4/1P6/P1P3P1/B1KR3R w - - 4 18,#+3,h6h7
2Q3N1/6k1/5pb1/p3p3/1p1pP3/1P1P1B2/P2b1K2/7R w - - 1 45,#+14,c8d7
8/p7/1p6/5p2/1PPk2n1/P2p2P1/3K4/8 w - - 2 50,#-34,c4c5
Q4bk1/3N1p1p/6p1/8/P2P4/1q2P1P1/5PKP/8 b - - 4 36,#+24,b3b4
8/8/7p/6pP/p5P1/P1pk1p2/8/3K4 w - - 0 53,#-7,d1e1
3r4/1k4pp/1P3p2/8/4P3/P2p1P1P/2rK3P/6BN w - - 1 33,#-14,d2e3
r2n2k1/ppp3bp/3p2p1/3P4/2K1P3/2P1B3/PP3r2/RN4q1 b - - 0 23,#-8,g1f1
2r3r1/p3ppkp/1p2n1p1/8/1Pp4P/3qP1P1/PK3P2/1R6 b - - 3 20,#-4,c4c3
3r3k/6pp/8/p1QP2bq/P3K3/2P1p1P1/6N1/8 b - - 3 44,#-15,d8e8
8/7p/3k2p1/P7/2rb4/8/K1n5/8 b - - 0 35,#-2,c4b4
8/p3p2p/2q1k1p1/1p2Pp2/1Pb2P2/P2pP1P1/1B1Q3P/6K1 b - - 6 36,#-26,c6e4
8/p1n5/1p6/4k1p1/2P1p3/P3K1P1/7P/8 b - - 0 50,#-26,g5g4
7b/ppk5/2p1bp2/3n3P/8/Q5K1/5P2/r7 b - - 9 37,#-14,a1a3
r5kb/1N1n3p/6p1/1p2p3/6pq/1N1P4/1PP1P3/R4RK1 b - - 1 23,#-17,h4g3
4Q3/p4pk1/8/5KP1/P7/8/1b6/8 w - - 1 55,#+8,e8d7
8/6k1/8/3R2P1/2B1P1K1/1Pb5/P7/8 b - - 4 52,#+27,g7f7
1n6/5k2/1P4R1/6Kp/2P5/8/8/1B6 b - - 0 45,#+32,f7e7
r4kbr/pR3p1p/1p2pn2/2p5/8/1NP1bP2/PPK1q3/8 w kq - 0 17,#-10,b3d2
2b5/p4k2/5P2/1pN1PnQ1/1P1p4/1R5P/2P1K3/8 w - - 0 38,#+8,g5h5
6k1/8/2r4p/5p1P/5P2/2b1K3/1p1r4/8 b - - 0 55,#-6,c6e6
5r2/p4p1k/6p1/P1pp2Rp/r2b1K2/3P1P1P/8/8 b - - 2 36,#-41,d4f2
r5r1/pp2k2p/6p1/3p1p2/3N1P2/6P1/PPP4P/R3QR1K b - - 5 25,#+12,e7f7
8/2k3p1/Kp3b2/p4Pp1/P1P1r3/1P6/8/8 w - - 0 41,#-18,c4c5
1q3rk1/1p3bpp/8/7r/Q1pP2N1/1P4n1/P1R2P1b/4BR1K w - - 0 25,#-20,h1g2
n2k4/5pQ1/1p1p3p/8/q1K5/5P2/1P1b2PP/4r3 w - - 10 28,#-6,c4d3
1r1r4/1kppq1np/4p1p1/1NP1P3/3Q1PP1/1N5P/1K1R4/3R4 b - - 0 31,#+18,b8a8
1r6/ppk1p2r/1n2Pp2/3p3p/1P1N4/2P1Q3/q2N2PP/4RR1K w - - 0 26,#+8,e3g3
3Q4/k7/8/1Qp5/2P1p1P1/2b2P2/P1p4P/1K6 w - - 0 44,#+3,b1c2
2k5/pp5p/2pK2b1/8/8/P2r4/4r3/6R1 w - - 6 38,#-4,d6c5
2kr1r1q/Qpbb3p/2p2np1/3p2B1/8/2P2Pp1/PPB2PPP/R3R1K1 w - - 0 18,#+7,a7a8
6k1/ppp5/2b2b2/4p3/7n/2P5/PPQP2rK/RN6 w - - 20 39,#-4,h2h1
8/8/8/p1kR4/1p1R2N1/P7/1P4P1/7K b - - 1 35,#+8,c5b6
bn1br1r1/p4p1p/3p1kn1/1p2pNQ1/3pPPB1/1P6/P1q3PP/BN2RRK1 b - - 1 11,#+1,f6e6
8/pp6/6Q1/2p3NK/2P5/1P6/8/7k b - - 1 44,#+5,h1g1
B1n2k1Q/p6p/1p6/5qp1/1P2R3/P2P2p1/5P1P/1N3KR1 b K - 0 18,#+12,f8f7
8/3r4/8/2p5/2k3p1/5b2/P1NK4/8 w - - 0 52,#-33,d2e3
8/6p1/3B1p2/1p3P2/3k4/8/4r1K1/8 w - - 2 55,#-51,g2g3
8/8/kb1Q4/1p6/6PP/8/P7/7K w - - 5 44,#+20,h4h5
8/p4Q2/5P1k/3p2p1/4p1P1/1P2q2P/P7/5BK1 w - - 5 45,#+29,g1h1
3r4/8/k7/2p5/Pp1b2p1/2nN2P1/3B2KP/8 b - - 0 47,#-48,d4e3
rq1b3r/pppk1b2/3pN3/8/4Qpp1/2P4P/PP3PPB/R2B1RK1 w - - 1 15,#+3,e6c5
1r4k1/p4ppp/1pp5/6q1/1P1Pr3/P1B4P/1N3P1K/1R6 b - - 3 28,#-14,g5f5
3k2b1/7p/3p4/p2P4/2r4P/5B2/6PK/8 b - - 1 34,#-34,a5a4
2kr1Q2/1p4Q1/pqp5/3p4/2PP1R2/2P4b/P2K3P/6R1 b - - 1 34,#+29,b6b2
8/8/2P5/8/1B5k/P7/K1R4P/6R1 b - - 0 39,#+3,h4h3
2R4r/3kq1pp/4rp2/p3b3/6P1/1B6/PP2QPPP/B3R1K1 w - - 3 19,#+36,b3e6
8/7k/1P6/3B4/7P/1P2B3/2P5/2K5 b - - 0 41,#+7,h7h8
2Q5/1p1r2pp/p3b3/1kP5/3p1P1P/PP6/3B4/2K5 b - - 1 39,#+24,e6b3
8/Pk1p3p/1P1n4/4p1p1/q1P1Pp2/5P2/4NQPP/5RK1 w - - 1 26,#+20,f2c5
8/pQ4kp/N7/5np1/8/2P3P1/PP3PKP/4R3 b - - 2 38,#+6,f5e7
2kr4/ppp4p/8/4qN2/8/2R3P1/PPK1P2P/3r2N1 w - - 0 21,#-12,g1f3
1R6/5p2/5Pk1/8/6pp/8/1p5K/1r6 b - - 1 51,#-53,g6f6
5r1k/R5bp/2p1B3/1pP5/1Pn1p3/6P1/2Q4P/6K1 w - - 2 31,#+31,c2e4
1r3k2/1pp2P2/p7/8/6qb/2B5/1P3R1P/2N4K w q - 3 27,#-43,c1d3
6r1/p4pk1/2p5/3p1Pp1/5nPp/1B1q4/P2N1R2/4K3 w - - 6 33,#-31,e1d1
6B1/4k3/7p/1p3p1P/1PpP1Pp1/2P3P1/2NK4/8 w - - 1 46,#+15,d4d5
8/6p1/2Qkbb2/8/5R2/1p5P/6B1/3K4 b - - 3 46,#+7,d6e7
k7/2Q5/pp1n4/8/7P/3PP1P1/PPP5/2K3R1 b - - 0 28,#+7,d6f5
b1r3k1/6pp/5q2/4R2P/1p1n1P2/pP1P2P1/2r2N2/1KBR2Q1 w - - 5 30,#-4,e5a5
8/7p/5kp1/5pN1/7q/8/2r1nPK1/8 w - - 0 49,#-4,g2f3
6k1/p1prb1pp/2bp4/Pp1Pp3/1n2P3/2PB2R1/3Q1N1q/B4KR1 w - - 0 27,#+4,g3g7
4k3/p1p3Q1/5P2/4q3/P7/1P3BK1/2P4P/8 w - - 6 39,#+26,g3g2
2r4k/p4p1p/1bNn1p2/1P5b/Q2NP1q1/3P4/P1B2P1P/R4R1K b - - 2 23,#-3,g4f3
8/p5k1/4p1p1/2p5/2P5/1P1NP1R1/P2P1P1P/3K4 w - - 0 36,#+29,d1c2
8/8/2Pk4/7p/2p3P1/1pR5/7r/1K2B2B w - - 0 43,#+16,e1g3
8/4PRpk/1p5p/p7/5P1P/5KP1/r7/1q6 b - - 0 39,#-3,b1d3
r4r2/1p2k1p1/1p3pBp/3Qb3/5P2/1P6/P5PP/q1NKR2N w - - 0 15,#+33,f4e5
2b1r1k1/p4qpp/1p6/3P1p2/2P5/1PK2P2/r1B3PP/3RR3 b - - 1 23,#-32,e8e1
1r2r1k1/7p/1p2n1p1/p2Q1p2/P2PpN2/1PR1P1P1/5P1P/5RK1 w - - 5 33,#+13,f4e6
8/8/1k3p2/p3pNp1/1PP1P1P1/P1K2P2/7P/8 w - - 1 42,#+14,b4a5
1k6/5PR1/6N1/4P2p/1p1PK3/6P1/1n5P/8 b - - 0 43,#+6,b8a7
8/p1Q1R3/kp6/8/2P5/KP3P1P/8/r7 w - - 8 40,#+6,a3b2
k1r5/4P2p/p2Q2p1/q7/8/1PpP2PP/2P5/1K1RR3 b - - 0 35,#+16,a8a7
6k1/p5p1/3pNp1p/2p2P2/3p4/2r5/3K3P/8 b - - 3 50,#-55,c3h3
8/8/4kP2/2p1P2p/1p4p1/3K4/7P/8 w - - 0 40,#-49,d3c4
8/1p3kpp/8/R2p4/P2P4/bP6/5PKP/B4N2 w - - 1 28,#+25,a5a7
8/1bk5/p1p5/1p1p4/1P1q4/PK1R4/8/8 b - - 5 53,#-8,d4d3
2k1r3/2b5/p1R5/4p3/P4n1p/1K6/8/4r3 b - - 1 37,#-18,e1e3
8/8/8/1N4p1/P5Pp/4k2K/1P4BP/6N1 w - - 1 40,#+12,a4a5
5Q2/6pp/k4p2/1q1B4/3K1P2/1P6/6PP/3R1R2 b - - 3 34,#+8,b5d5
1r3Q2/1p6/4k1p1/2n4p/4r3/1P6/1P5P/1K1R1R1B w - - 1 34,#+1,f8f6
2k2nr1/1pqbQp2/pP1B4/3pN2p/4P1p1/6P1/5P1P/1RR3KB w - - 3 26,#+3,c1c7
8/3k4/6R1/2PBKp2/5P2/6P1/3r4/8 b - - 6 38,#+32,d2e2
8/r7/PkP5/3PKB2/4P3/R7/8/8 w - - 3 56,#+27,f5e6
2Q5/p6p/6k1/8/1P6/4Q3/P7/4K3 w - - 1 43,#+2,c8g8
8/R7/4k1bP/8/6P1/1P2B3/6PK/8 b - - 2 39,#+33,e6d5
n3qr2/2p2R2/1k1N2Q1/4p3/1rPpP2P/1P1P4/6P1/1R5K w - - 3 25,#+15,d6e8
8/1k6/5P2/1p6/2pP4/2Pp4/1P6/2K5 b - - 0 40,#+39,b7c6
8/8/5k2/p1Q4p/2P1p3/2q4P/8/1K6 b - - 2 51,#-31,c3b4
8/p3pk1p/6p1/2P1Qp2/P4P1K/4p1P1/7P/5q2 b - - 1 31,#-15,f1f3
8/8/2p3p1/R1Pp1p2/1Pk5/P1b4n/2K1r2P/8 w - - 0 39,#-16,c2b1
Q3bk2/p3ppp1/1pB5/8/2nP4/4P1P1/P4PP1/q3BRK1 b - - 2 18,#+31,c4d6
8/p5R1/2p5/Qp2p3/P2kP3/3B2P1/1PP5/1K6 w - - 1 37,#+3,a5b4
r5kb/8/5n1p/1p3Pp1/3Pq3/r7/PR2N3/K5R1 b - - 1 31,#-14,b5b4
1r4k1/1rq2b1p/p4Bp1/P1p5/2p1p1P1/2P1N3/R1QKP3/8 b - - 1 36,#-48,c7d6
r1bn1r2/pp1kp1pQ/2pn1qB1/3pb1N1/7P/2P1N3/PP3PP1/R1B3KR b KQ - 2 12,#-1,f6f2
r5k1/2pP1Npp/5n2/2b2p2/8/1QNb4/5PPP/5RK1 w - - 2 23,#+3,f7h6
8/8/6R1/1Q1p4/p2P4/2P5/PPk4K/5R2 b - - 2 40,#+3,a4a3
r2R3k/P6p/2p1Nnp1/4p3/2r1Pp2/7P/5PP1/R6K b - - 4 44,#+19,a8d8
3r1rkb/Q3pp1p/1pqn2p1/8/1N6/2N3P1/PP1P1PKP/B2RnR2 w - - 7 15,#-4,g2h3
n2b1k2/1r3nqQ/1p3p2/p6B/3N4/2P3N1/6PP/5R1K w - - 4 21,#+27,d4e6
7r/5np1/1k1p1p1p/2pPp2P/p3PP2/1NKP2P1/8/4R1Q1 w - - 0 37,#+15,b3c5
2rkr3/pqp2ppp/1p1p2n1/2bP4/8/PP4P1/1BP1BP1P/Q1RK4 b Qkq - 0 16,#-33,b7d5
5rkb/6np/3p1pp1/3Pn3/3qP3/5PP1/2R2KBP/5QR1 w - - 7 29,#-26,f2e2
4B1k1/p2R4/4p3/4Bp2/6pp/8/PPP3PP/6K1 w - - 2 32,#+4,e8g6
k7/2Q4p/1p4p1/p1p1p1P1/P3PqB1/1P1P3P/1KP5/8 w - - 3 41,#+3,g4c8
2R5/8/3k4/1p1pp1pp/1P1b4/3P3P/5rP1/6K1 b - - 6 34,#-20,f2f8
rbk5/p4Q1p/1pp3p1/4P3/P2R4/1P6/BKP2NPP/R5B1 b - - 0 21,#+15,b8e5
8/8/8/1p1P4/8/P2P1k2/3K2p1/6Q1 w - - 1 52,#+9,d5d6
b4k1R/p7/1p4p1/2b1B1N1/P3p3/8/1K1R4/5r2 b - - 5 39,#+28,f8e7
5rk1/1p3p2/2P5/1P1P3B/3pp1P1/r5q1/2P2RK1/1Q6 w - - 1 37,#-25,g2f1
8/8/1kp2p2/8/4b3/8/Kp2r1R1/8 b - - 1 41,#-3,b2b1q
6kr/6p1/7r/1pp1p1n1/2p1P1P1/P1P2PQ1/1PB2KP1/3R4 w - - 3 36,#+30,g3e5
8/8/1k5P/p3R3/5P2/1P2P1P1/P7/6K1 b - - 0 43,#+7,a5a4
r3kr2/pp5p/1n2b1p1/N7/2pN4/2P4P/P2P2q1/R2K3R w q - 0 22,#-30,d1c2
8/k7/4B3/8/8/3P2P1/2P2P1P/6K1 b - - 0 62,#+27,a7b6
8/5pkp/6p1/p7/3Q1P2/1P3PPK/P3q2P/7r b - - 3 28,#-9,f7f6
3r3k/p1pp4/1p4pQ/1P6/3b2P1/P7/2q1r2P/1N3R1K b - - 0 33,#-21,h8g8
8/6k1/4B3/2BPPp2/5bpR/6P1/4K3/8 w - - 0 61,#+6,g3f4
nbr3k1/1pr1p2p/p3b3/6p1/5p2/1P1N1P2/P1B2KPP/q1B2R1Q w - - 0 19,#-19,f1d1
8/PR6/8/4kPp1/1P4K1/6N1/8/r7 b - - 2 52,#+30,e5f6
2b5/2P2pk1/3p2p1/3p3p/3P4/5pP1/1q2r2P/R2Q1N1K w - - 2 40,#-7,d1e2
6R1/ppq1k3/4b1r1/2p4p/2PpP2P/3P2b1/P1B3K1/2R1BQ2 b - - 0 26,#-28,g6g8
2k2Q2/ppp2B1p/6p1/6P1/4Pr2/2P5/PP1KR3/5q2 b - - 0 30,#+6,c8d7
r2bqrb1/p1p3pp/Bp1kpp2/8/3NnP2/8/PPPQ1B1P/2KR1R2 w - - 2 21,#+18,d2b4
8/2k4p/1p3p2/6p1/8/4KP2/1qp3PP/3R4 w - - 0 46,#-28,d1h1
8/p2kppb1/3p2p1/P7/2qP4/4Pb2/1r2NP2/2NKQ3 w - - 13 32,#-23,e1d2
8/7Q/2pkn3/2p2r2/8/3P4/PPP4P/R2KB3 w - - 1 37,#+22,h7f5
5k2/p5pp/8/2q1p2P/3bPp1B/5P2/5PK1/8 b - - 1 44,#-26,f8e8
1r6/2bPr3/4Pk2/1p1K4/6R1/6pB/1P6/4R3 w - - 3 47,#+2,e1f1
2kr3r/1p2p1p1/1P3pb1/4n2p/5q2/2P5/PPN2BPP/RK3Q1R b - - 4 18,#-14,d8d2
b4q2/p7/1k1p4/2bP4/2Q2P2/6NP/P3R1PK/4R3 b - - 5 35,#+33,a7a5
7Q/p5p1/4bp2/8/4P1kP/4b3/PP6/RN2K3 w Q - 0 23,#+30,h8g7
8/6R1/7p/1k2p3/p3P3/4KP2/6P1/8 w - - 0 44,#+51,g7a7
8/R7/1N3pp1/5k2/8/6P1/2n1PPK1/7R b - - 0 31,#+25,c2d4
n3r1k1/p2Q3p/1p4p1/2P5/5q2/7R/PP3PbP/1B3RK1 w - - 0 20,#+20,d7h7
3r1r2/2p4p/2k3p1/PPN5/3B2P1/1P1Q4/6KP/8 b - - 0 42,#+3,c6d6
rkn1nb1r/ppp3pp/4b3/4p3/4P3/2P1B3/PP4PP/RKN4q b Qkq - 0 10,#-22,h1g2
B2Q4/5k1p/4r3/pp2bp2/1P6/6p1/P6P/3R1K2 b - - 3 33,#+22,g3g2
8/2pk3p/p1p4Q/1p1n4/1P2b3/P1P3B1/2N1K1PP/1R6 w - - 6 28,#+14,h6h3
8/p4R2/1p6/6p1/6k1/1P1K1p2/P1P4P/8 w - - 4 37,#+35,d3e4
3nk3/4p3/8/3p3p/1P4bP/pPqp2Q1/P4rP1/1KB5 w - - 0 30,#-4,g3f2
8/4Q1kp/3P4/1B2p1p1/1p2Pp2/1P3P1P/P5P1/6K1 b - - 2 42,#+4,g7h6
5r1k/5bp1/1p5R/p2p1B2/8/2P1rPP1/PP5P/3Q1R1K b - - 0 29,#+25,g7h6
1k1b1n2/pp3P2/8/3p1Np1/3P2P1/5Q1p/PP1B3P/5RK1 b - - 1 29,#+23,d8c7
6kb/1b3p1p/2q1p1p1/8/2p2P1P/1pP3P1/rP1B4/1Q2RBK1 b - - 0 35,#-4,c6h1
8/pN1k1Q1p/n1p1n3/8/5p2/8/PPP1Pq2/2K4B b - - 0 24,#+5,d7c8
6r1/5b2/1p4pB/5k2/1P1q1pP1/P4P2/7P/4R2K b - g3 0 36,#-27,f4g3
2kr3r/3p2pp/pNpB2b1/4p1b1/q3P3/2Q2P2/4N1PP/1R3BKR b KQ - 1 17,#+7,c8b7
6k1/P7/1R6/5K1p/5N1P/8/P7/8 w - - 13 51,#+3,a7a8q
bn2rk1B/pq2pp2/1p6/7p/1bP1P1p1/1P4P1/P3B2P/2Q1NRK1 w q - 1 18,#+2,c1h6
3k4/1p1p4/8/p4P1p/2P2Q2/1P5P/P1q3P1/3R3K w - - 1 34,#+6,d1e1
k3b3/p1Q2pr1/B1p4p/5p2/2pP4/8/PP2P2P/1RK5 b Q - 0 23,#+5,g7g1
2k1n2R/2n5/1p2p3/p3P1p1/2p3P1/8/K2r4/8 w - - 2 39,#-33,a2b1
1k1r1R2/ppp4p/1q6/3P4/8/P1PP2P1/1K6/8 w - - 1 31,#-9,b2c1
3k4/4R3/7p/1p3p2/1B6/P5P1/1P3PKP/7R w - - 0 32,#+5,h1d1
8/pp3b2/1kp2P2/2Np2Bp/3P1Q1P/2Pn2P1/P4RK1/3q4 w - - 7 35,#+9,f4b8
8/ppk5/3p4/2r3p1/1K3p2/8/8/8 w - - 0 46,#-8,b4a3
r6k/p6p/2p5/1p4R1/1P1p4/1Kb5/Pr6/8 w - - 2 40,#-3,b3a3
1kr5/4R1b1/1p3p1p/p2p2p1/3P2P1/1N5P/qnPKR3/5Q1B w - - 0 27,#+21,h1d5
3r4/8/3r1k1p/5pp1/1p1p3P/1P3KP1/8/3n4 b - - 0 40,#-8,g5g4
8/1bQ1R3/k1p3r1/2Pq4/rp1P4/p1p3N1/P4RPP/6K1 w - - 6 41,#+1,c7b6
r6r/pkb1ppp1/2p4p/3n4/8/P4NP1/1q1N1P1P/1R1K2BR b - - 1 20,#-25,d5c3
8/6pp/6k1/8/8/R4PB1/6PP/5K2 w - - 1 34,#+33,f1e2
1r6/2pb1p2/pq2pQp1/1p1k4/1P3BN1/2P3P1/P4P1P/3RR1K1 b - - 1 25,#+18,d5c6
8/5bn1/p3p1k1/1Q2P3/3P2PP/2P5/PP6/5K2 w - - 0 36,#+42,b5d3
bq4k1/ppr1rpnp/5Qp1/2pB2N1/2P1P1N1/6P1/P4P1P/2R2RK1 w - - 1 18,#+23,g4h6
3k1n1r/B5pp/2p5/4Qp2/2p1P3/2P2P2/bP4PP/2KR4 b - - 1 19,#+2,f8d7
1b1r1rk1/pb4p1/1p6/2pP2q1/5p1p/1P6/PQ1B1KPP/1N2R2N b - - 0 24,#-23,g5d5
5r2/p3bp1k/4p2p/1qr1P2Q/2N5/1P5R/5PPP/1R4K1 b - - 1 31,#+3,e7h4
1R6/p1R1rkpp/8/8/1P3Q2/6PP/P2P1P1K/5q2 b - - 5 34,#+3,f7g6
8/p2R4/2p5/4Qrk1/2P1p2p/1P3PrP/P5PK/8 w - - 5 38,#+4,f3f4
5r1b/Q1p5/4kp1p/4pNp1/1P4P1/P6r/3R1P2/2B2RK1 w - - 0 31,#+3,a7c7
6k1/p1p2p2/1p2p3/4PnP1/2P3Q1/PP1q2PK/8/8 b - - 2 29,#-15,f5e3
8/6pp/5p2/2k5/8/P4q2/KP1N3P/8 b - - 3 35,#-25,f3d5
7r/pp2r1k1/4n1p1/P2b3p/5n2/1PR3P1/8/NB4K1 b - - 0 31,#-11,f4h3
8/4pkp1/3pnp1p/7Q/4P3/4P2P/Pr3qPK/8 b - - 2 34,#-11,g7g6
8/4k3/3R2K1/4PPP1/8/pP6/P7/8 b - - 6 61,#+4,e7e8
3r1b1k/Q5pp/p4p2/1p1q1P2/1P1n4/P4pP1/5RKP/8 w - - 0 37,#-18,g2h3
5k2/6p1/6bp/8/P2Q4/1P6/4K1PP/8 w - - 0 36,#+26,d4d6
k1r5/p4pp1/p6p/5q2/1Q6/1N4P1/1PR3P1/1KR5 w - - 3 29,#+15,b4f4
6k1/7p/6p1/1pP2p2/1P2bP2/PRK1Pq1P/8/8 w - - 4 45,#-8,a3a4
2kb3r/3n4/3p4/p1pPp3/1pP1P2N/6PQ/PP1B3P/5RK1 w - - 1 33,#+19,f1f7
8/p6k/3p3p/2pBp2P/1pP1P1K1/3r4/8/8 b - - 1 41,#-35,d3d2
4r1k1/p5pp/1p6/2p5/3p1Q2/1P1P2PK/P3q2P/8 b - - 3 30,#-28,e2d3
1k1rn1r1/1p4pp/8/1p2P3/P4N2/1PK2qP1/7P/R6R w - - 0 22,#-5,c3c2
2k1r1q1/R1p3pp/5pn1/N3p3/3P4/b1P5/4K1PP/6BN b - - 0 21,#-12,g6f4
8/6p1/5n1p/4kPp1/6P1/6K1/8/8 w - - 25 62,#-40,g3f3
8/1BPRpppk/7p/4P2P/p5P1/P1P5/r4r2/3K2R1 w - - 4 40,#+22,b7e4
8/1pp1kP1r/1p1p1q2/4p2K/3n4/3P4/P1P3PP/8 w - - 0 30,#-1,h5g4
3b3r/pq6/1p4kp/2p1B1n1/2P1n1p1/1P6/P1BQ1PPP/3RR1K1 w - - 0 22,#+18,e1e4
r7/3kq1p1/2b3R1/3pP3/P2P4/1P4N1/3Q2PP/5R1K w - - 1 27,#+22,e5e6
8/pp1k4/2p5/2P2B2/1P1P4/7K/P4q2/4q3 b - - 0 38,#-3,f2f5
8/1p5p/2p1K1p1/4p3/pk1bP3/3P4/8/8 w - - 0 42,#-26,e6f6
6k1/8/1p4P1/2bR3N/7r/p4K2/8/8 w - - 0 46,#+8,d5d8
3k2r1/B1nb2pp/3b4/Q3n3/1rP1Bq2/3P4/P4PPP/R4RK1 b k - 0 19,#-2,e5f3
8/p6p/6p1/1p3p2/3P1P1P/k1K5/8/8 b - - 0 39,#-54,b5b4
8/1kp4p/pp4p1/1q6/2nP2PP/1KP5/PP3Q2/4r1B1 w - - 7 36,#-14,b3c2
8/ppk5/3p1P2/PPp5/2PpP3/3Pq3/6K1/8 b - - 0 44,#-28,e3g5
8/1p5p/1p1k4/8/1r2P3/6K1/2P4P/8 b - - 0 32,#-28,b4e4
2Q5/p2pp2p/3k1p1B/1n1P4/8/8/Pq4PP/2R3K1 w - - 3 29,#+2,h6f4
8/6pk/8/4Bp1p/5P2/6r1/4K3/8 b - - 1 49,#-34,h5h4
8/8/2p5/2k5/8/pP6/P2N4/1K1N4 b - - 6 44,#+43,c5d5
6k1/p2p3p/1p3B2/5p2/2P1r2P/1PQ3b1/P4q2/4R2K b - - 1 27,#-1,f2h2
